OBJECTID,Man_Made_Object,Notes,GlobalID,EditDate,Shape__Area,Shape__Length
1,Administrative Building,Park Office,f972a692-c9fc-4ee0-96b2-37ff7e041bc1,2019-04-25T16:07:49.143Z,22702.0515136719,682.401724599744
2,Restroom,Day Use restroom,8c074ea2-50eb-48ac-8b0c-b3d8045ca2ac,2019-04-25T16:07:49.338Z,1238.19958496094,142.557554899799
3,Shelter,Loblolly Shelter,e3bc77ec-3bf9-40a4-b338-113d08fff12f,2019-04-25T16:07:49.541Z,1016.16516113281,130.208684637979
4,Shelter,Cypress Shelter,36dee19c-a6a2-4989-b746-08f5df9e28e5,2019-04-25T16:07:49.786Z,811.7080078125,114.765402549411
5,Field,Playfield,ef46585e-2d8a-4a95-89a0-b9ed98c4740b,2019-04-25T16:07:49.997Z,92500.2288818359,1492.65023535218
6,Cultural Feature,Livestock Barn,07554686-422d-47f2-8441-3105a0417f64,2019-04-25T16:07:50.210Z,4556.02819824219,278.182508057255
7,Cultural Feature,Carriage House,c760ad04-bc4d-481d-b49a-c6431f2f1566,2019-04-25T16:07:50.382Z,1455.78051757813,153.087093782769
8,Cultural Feature,Tenant House,b9731f7e-3a71-4d93-9213-e6b5ed8be477,2019-04-25T16:07:50.540Z,464.140869140625,91.1842369579712
9,Shelter,"Bluebird Shelter, 10 tables",06fe70ea-82eb-4f39-b03f-420e5841d5d7,2019-04-25T16:07:50.663Z,904.8427734375,119.651313428408
10,Shelter,"Carla Shelter, 4 tables",60b77c6f-ddca-433c-9590-ece3815f90a4,2019-04-25T16:07:50.772Z,573.842895507813,106.327056752312
11,Cultural Feature,Farm House,fd8c55ff-12fe-4a64-99e0-d445f09690ca,2019-04-25T16:07:50.882Z,2612.1142578125,226.495171156855
12,Garden/Orchard,Pecan Grove,40c03bb1-2bd1-4560-864b-bb9246cb60d4,2019-04-25T16:07:50.992Z,327589.656494141,2302.68222387111
13,Cultural Feature,Plank Kitchen,315af8ef-a4e0-4aca-9fcf-81ca619660cc,2019-04-25T16:07:51.100Z,387.672729492188,80.4358447732423
14,Garden/Orchard,Herb Garden,969febff-f344-4854-8ea7-7bfc1d05b010,2019-04-25T16:07:51.225Z,3086.17749023438,252.079567359886
15,Cultural Feature,Cotton Gin House,733f41dc-61f4-4991-ae48-3d832eb71e90,2019-04-25T16:07:51.335Z,2850.4267578125,224.593926163941
16,Garden/Orchard,Cotton Field,a6bbc773-8afd-46bc-8e2c-09f16bf49ddc,2019-04-25T16:07:51.522Z,6050.27880859375,332.175758978057
17,Administrative Building,Farm History Center,6c04bf2b-ef27-4163-bc4f-fde65e250b64,2019-04-25T16:07:51.725Z,3260.59326171875,231.747026441665
18,Parking Lot,,96331a36-9f95-43b9-86a6-96fbde116095,2019-04-25T16:07:51.897Z,21950.7711181641,575.611274675011
19,Amphitheater,,4258bbae-2100-4c7a-ab3b-8e467dd10135,2019-04-25T16:07:52.102Z,903.218017578125,120.812531296216
20,Water,,4002463e-6227-44d4-b428-c55f65cbbe9a,2019-04-25T16:07:52.197Z,37523.7733154297,864.60235011768
21,Parking Lot,5 spots,9ca56b41-ec27-4833-8f1d-d77436e7d1ac,2019-04-25T16:07:52.305Z,899.250122070313,135.978693791565
22,Garden/Orchard,,e7312368-8011-4d5b-852d-0d178b2c6b14,2019-04-25T16:07:52.446Z,14753.9644775391,768.242322945121
23,Field,Goat pen,d864b6ea-c091-4fbc-adf6-a3768ccde902,2019-04-25T16:07:52.555Z,17428.7087402344,675.691503189391
24,Water,,7c9c1b1e-5ca9-440f-b76e-75cb3972d24e,2019-04-25T16:07:52.664Z,45603.0018310547,1329.86780627312
25,Cultural Feature,Cemetery ,f00d0a3a-c28b-4892-a2d7-f8bdecb87892,2019-04-25T16:07:52.821Z,924.681762695313,126.248102495764
26,Garden/Orchard,Raised beds,8d37a2ad-4e22-4ad6-991d-bab2d67ca155,2019-04-25T16:07:52.961Z,466.24951171875,88.4129621222073
27,Parking Lot,,7b17d0f7-0051-4432-977c-39db1e7a8b76,2019-04-25T16:07:53.117Z,5958.90441894531,320.885405461658
28,Parking Lot,,c554d9f1-0bd6-40e0-9a36-3f0bc153fab3,2019-04-25T16:07:53.243Z,10668.5847167969,568.398781200081
29,Parking Lot,,6b1d6115-f2d8-41a7-9ad0-8a027ff40e8c,2019-04-25T16:07:53.352Z,1880.18884277344,299.962927839891
30,Parking Lot,,cd007d00-f244-4a2c-83a5-a9c0c0d4cb8b,2019-04-25T16:07:53.555Z,9664.72534179688,478.563559954443
31,Parking Lot,,77b693c0-80c5-422c-88fa-b023656f14c8,2019-04-25T16:07:53.696Z,11184.1004638672,644.306735452269
32,Parking Lot,,66b01754-7985-44bb-9dd0-e6fc82d30616,2019-04-25T16:07:53.821Z,7564.40625,433.609114517609
33,Parking Lot,,003d6610-e7d0-40d7-8956-44b81e2261e7,2019-04-25T16:07:54.008Z,11087.6539306641,508.997376374486
34,Parking Lot,Gravel,e46ac80f-2993-45a5-9ce7-17b10df5917d,2019-04-25T16:07:54.180Z,9318.95861816406,523.988612785069
35,Parking Lot,,c1f6cdae-8f50-46e5-b6b2-650532d64081,2019-04-25T16:07:54.305Z,28629.4169921875,685.413790977143
36,Parking Lot,,8cd20e50-0920-41be-9d90-28e4a52a503b,2019-04-25T16:07:54.414Z,2525.34167480469,207.825402107503
37,Parking Lot,Gravel,bead3bb9-300b-45a9-a4e9-5af46280fcec,2019-04-25T16:07:54.511Z,26055.8833007813,1306.13348442322
38,Field,,15c76da9-37ef-4c60-8151-40d2d067e648,2019-04-25T16:07:54.649Z,223208.875366211,3336.80234332621
39,Garden/Orchard,Master Gardeners: Waterwise Garden,5b4cf3a6-ca8b-4a16-b116-3ede8208ea27,2019-04-25T16:07:54.774Z,5243.50549316406,318.517853544959
40,Administrative Building,Manager’s Office ,27996cc1-b36a-47c3-b71d-39592ce5ebae,2019-04-25T16:07:54.884Z,2056.38818359375,192.769290433398
41,Garden/Orchard,Native garden,cf2e3f40-37e7-4123-8416-44db6e830b67,2019-04-25T16:07:55.008Z,2777.42932128906,214.88328124693
42,Shelter,"White Oak Shelter, 5 tables, 1ADA table",fecf5708-52c3-475d-a8ca-620205267403,2019-04-25T16:07:55.149Z,652.0703125,104.110536693432
43,Shelter,Beech Shelter,5f5c3945-202f-499f-ac91-9eac283d75a9,2019-04-25T16:07:55.289Z,1566.39990234375,161.728440010625
44,Shelter,"Dogwood Shelter, 5 picnic tables, 1 ADA table",8edd025a-aa91-4555-8f0c-aadc06af31b4,2019-04-25T16:07:55.414Z,884.389282226563,121.457922324157
45,Other,Volleyball court,e462259e-d639-4fb9-b3b3-3e619ad19cb2,2019-04-25T16:07:55.555Z,3099.28442382813,233.457795335969
46,Water,Lake Crabtree,dac406a3-2c89-45e1-b14d-c9bb01828fbf,2019-04-25T16:07:55.727Z,19421978.0288086,30429.15655138
47,Administrative Building,,998c8836-522f-4f92-b3bc-0432dc923f5c,2019-04-25T16:07:55.836Z,1316.08862304688,150.673232807998
48,Other,Volleyball court ,5c5411e2-2ffb-47c1-b093-ac9b78262f36,2019-04-25T16:07:56.024Z,2008.43615722656,190.221960304113
49,Other, Volleyball court ,58ea83de-967e-4129-8c2c-6fa8b7f0e6aa,2019-04-25T16:07:56.196Z,2334.93273925781,206.145017217195
50,Cultural Feature,Interpretive homesite ,5c73c4cd-75fa-4437-a1b7-88dd4a519f8f,2019-04-25T16:07:56.352Z,5856.28552246094,317.840746689835
51,Field,Cypress Field,1a4a3ebf-86e3-4db9-8eef-62954bf2945d,2019-04-25T16:07:56.493Z,13874.76171875,571.338823685083
52,Field,Swim Start,4a2dff1a-e118-479d-a227-0d154cd6d35d,2019-04-25T16:07:56.602Z,17817.3669433594,694.812135278745
53,Picnic Area,Picnic Area,aa2b1aa5-657c-497d-b1e0-e3d73d9ed642,2019-04-25T16:07:56.711Z,61383.2178955078,1001.82242450359
54,Field,Womble Field,f66f73ae-30be-47ee-bbe2-6f1c490bcd86,2019-04-25T16:07:56.805Z,171660.18371582,1890.28924312681
55,Water,Fishing Pond,8bb793d5-1293-4dc5-97fa-ce2cdcbab7ef,2019-04-25T16:07:56.914Z,106854.841430664,1567.77372951829
56,Water,U-shaped pond,cf5ece7f-ecaf-4c28-bc58-f4022227d8f0,2019-04-25T16:07:57.024Z,63880.6647949219,1352.92408360034
57,Water,Large split pond,59a7e4cd-4eb3-4202-9f76-388bcad748d4,2019-04-25T16:07:57.153Z,42931.7596435547,811.888052270401
58,Water,Split pond-small part,089d81d2-e263-4f03-860c-0e54ed155ea1,2019-04-25T16:07:57.274Z,2052.91381835938,218.247740316363
59,Water,Cypress Pond,89126af6-9c07-4801-bf91-d302008741d7,2019-04-25T16:07:57.383Z,32702.7244873047,705.266565990837
60,Water,Disc Golf Pond,9a2097a4-6983-476f-a893-0c5d240ab60c,2019-04-25T16:07:57.509Z,8759.12231445313,359.245746183454
61,Water,Womble Pond,242a0a3f-e875-4b1d-9b3a-7d2dc084e8c0,2019-04-25T16:07:57.634Z,24686.8004150391,639.728528528294
62,Parking Lot,Park Office Parking lot- 23 parking spaces ,6bfee4e5-73ef-437b-b2a9-aa90dee6e4af,2019-04-25T16:07:57.728Z,6440.1044921875,340.181237193007
63,Parking Lot,Hog Run Parking Lot.  16 designated parking spaces,7756020b-312f-4591-beb2-c7555a9169fb,2019-04-25T16:07:57.915Z,5456.53527832031,418.327201383781
64,Parking Lot,Disc Golf/ Fishing Pond Parking Lot. 38 parking spaces ,0d52826f-12eb-46a9-a48f-b87cce9a0578,2019-04-25T16:07:58.040Z,11095.1434326172,647.95059945578
65,Parking Lot,Cypress Parking Lot. 43 parking spaces,19736fcd-7a7f-4e02-9470-4bc2d89806d4,2019-04-25T16:07:58.169Z,14112.1944580078,607.470153768463
66,Parking Lot,Playfield/ Loblolly Parking Lot. 49 parking spaces ,9f40c88b-f92a-4a6b-9090-7cc441b3c912,2019-04-25T16:07:58.306Z,13816.8900146484,672.323928939228
67,Parking Lot,Long leaf Parking Lot. 26 parking spaces ,232a1a72-6280-417d-944f-3ca666393445,2019-04-25T16:07:58.431Z,7034.236328125,404.912791049475
68,Other,ADA Double Picnic pad,347465b5-a81d-45de-9bc0-1b2b81247a7e,2019-04-25T16:07:58.572Z,138.8017578125,62.8235687804209
69,Other,ADA single picnic pad,686840c6-faa1-4c3d-a88d-740902103446,2019-04-25T16:07:58.761Z,66.7139892578125,44.4703034745699
70,Garden/Orchard,NPA and Gardens,674ca0c9-4e7d-4627-8bc9-bf49a54221d6,2019-04-25T16:07:58.884Z,21727.2248535156,613.06796282616
71,Other,Playground ,bd7fb9d9-20d0-41d0-986b-a5887ead3683,2019-04-25T16:07:59.009Z,3244.91833496094,211.022363728223
72,Other,Volleyball court ,aaf22b14-6dd3-4c88-b64c-9a69b8e60573,2019-04-25T16:07:59.118Z,3308.25720214844,233.229538822342
73,Other,Longleaf reforestation area,18a22dd0-365b-4f94-9d9c-dc37707f3695,2019-04-25T16:07:59.228Z,2212815.45495605,8272.56083459388
74,Water,,696c87a6-13e7-47b8-bd89-edc41de75348,2019-04-25T16:07:59.356Z,45872.9919433594,1027.54380578702
75,Water,Peninsula trail mile marker 1 pond,cdaaad59-3637-4d7b-94da-e1bdaabc99da,2019-04-25T16:07:59.478Z,51594.8782958984,1031.6134093034
76,Parking Lot,Wimberly,d536107d-1570-4a9e-8b26-f6e76bdc7df2,2019-04-25T16:07:59.587Z,13943.0865478516,642.262015641698
77,Other,Mountain Bike Skills Area,b63f0d5f-f41b-49e3-808f-acb1a7d2e014,2019-04-25T16:07:59.712Z,40041.0578613281,806.361511818665
78,Other,Disc Golf Course ,d468aefa-db7b-4e12-b98c-1507730d159e,2019-04-25T16:07:59.821Z,1474830.89904785,6389.04645802571
79,Water,Frog Pond,411574c9-747d-495c-a7a9-18e81c0ca03a,2019-04-25T16:07:59.935Z,4240.55993652344,271.052623338789
80,Water,Peninsula trail mile marker 3.25 pond,fa6084a7-1656-4c15-b424-14c9412e89cf,2019-04-25T16:08:00.056Z,3715.41833496094,253.812618371936
81,Water,Wash shed pond,b72d0675-50b3-46fb-a42a-56a3efd6009b,2019-04-25T16:08:00.196Z,1294.38513183594,150.27884780375
82,Water,Group campsite pond,0f24c8f6-68f2-42f8-85b6-ea2a3358724d,2019-04-25T16:08:00.306Z,14296.8983154297,487.010418851679
83,Other,Primative group campsite,a0f14a99-305a-4278-a5d2-d745f4befcd8,2019-04-25T16:08:00.431Z,46197.8597412109,863.299264416793
84,Shelter,Longleaf ,09c0f835-52e6-49fe-a210-272f38695b07,2019-04-25T16:08:00.556Z,1068.99243164063,133.901892822082
85,Parking Lot,Cartop launch parking. 9 parking spaces ,64377418-0bb6-49cb-ae94-6722a00a3cf6,2019-04-25T16:08:00.696Z,1042.40197753906,176.883905278938
86,Amphitheater,9 wooden benches and 1 platform ,c56c86b0-7f44-48fc-8242-47685e1dc3d7,2019-04-25T16:08:00.806Z,339.943359375,79.5920466360433
87,Cultural Feature,Womble wash house,a884c0f6-faaa-4f4f-84e1-3944c0bae6ba,2019-04-25T16:08:00.915Z,153.29443359375,75.0178481359787
88,Cultural Feature,Womble chicken coup,92b0e2f6-4cf9-432c-ba38-87429fc9612d,2019-04-25T16:08:01.071Z,1559.64172363281,178.282518567693
89,Cultural Feature,Womble homesite foundation ,354703e7-4237-42bd-ba68-e054cd9ae92d,2019-04-25T16:08:01.243Z,3825.79919433594,229.360132800581
90,Garden/Orchard,Boulder Garden,1062f177-41e5-4dd4-909d-49be0e40ddd1,2019-04-25T16:08:01.399Z,629.917114257813,102.34329306763
91,Amphitheater,,f558eea0-49f3-4e59-9a48-fa839940b905,2019-04-25T16:08:01.556Z,1194.49084472656,142.017766719189
92,Cultural Feature,Log cabin/tobacco barn,7473fd2c-cbf6-4c40-8db4-6b2c67b8199a,2019-04-25T16:08:01.665Z,240.736694335938,65.6827407622944
93,Cultural Feature,Historic Yates Mill Building,07f93904-9070-4881-bea9-d8e3073d0b18,2019-04-25T16:08:01.774Z,2088.8984375,203.375864641097
94,Shelter,"Field Classroom, tables x4 benches x10",8cdc6d17-da90-4cf7-be27-4101808273b2,2019-04-25T16:08:01.899Z,1689.62866210938,165.966514776258
95,Garden/Orchard,Three Sisters Garden,fe04852d-5c0f-46d6-85f3-1bd0ff0cc0e4,2019-04-25T16:08:02.009Z,169.512573242188,54.9435255851683
96,Picnic Area,Picnic pad with 2 tables,2dc48dae-9be6-4f1c-8dd9-fe1b576ca12d,2019-04-25T16:08:02.165Z,360.460693359375,76.9132953161746
97,Cultural Feature,Yates Mill dam,4aef2c25-19ca-43e3-beb0-1ec478b98ce8,2019-04-25T16:08:02.274Z,3143.77282714844,347.939879366236
98,Administrative Building,Albert Earle Finley Center for Education and Research,61d04b60-f3f9-482b-b54a-78b97e3c5bfe,2019-04-25T16:08:02.400Z,22208.1462402344,946.683916762981
99,Garden/Orchard,,adb213a6-3306-4d13-8196-fbfc526da27f,2019-04-25T16:08:02.511Z,742.03271484375,118.905116785596
100,Picnic Area,,f19e0f62-6183-4d56-a56b-e5dc9eae451e,2019-04-25T16:08:02.653Z,971.451416015625,116.945301113066
101,Field,Tee ball field,9bb2d271-13d5-4f24-b41d-356db4881fe0,2019-04-25T16:08:02.837Z,46890.7973632813,840.368862473389
102,Other,Natural Play Area,2c9b2838-e3d7-4ad1-b4ee-63b53dfcc049,2019-04-25T16:08:02.949Z,12884.8616943359,481.679047939008
103,Parking Lot,Tee ball parking,041edbde-1d66-4412-b8f8-e9e32025d56d,2019-04-25T16:08:03.118Z,8082.22277832031,385.188571729272
104,Parking Lot,Center parking,96bb844c-32a7-4d0a-90ef-28ab96d3e942,2019-04-25T16:08:03.228Z,17667.5610351563,568.491964924978
105,Picnic Area,"Main Picnic Area: 10 tables,5(6?)grills",1e4b93e5-0242-4838-bbad-13239dfa2626,2019-04-25T16:08:03.337Z,18888.3999023438,599.395696709729
106,Picnic Area,"Cove picnic area;5 tables, 2 grills",80f710e5-9094-45f4-a796-1840c7d8d343,2019-04-25T16:08:03.447Z,6519.61279296875,339.174535951339
107,Restroom,Comfort Station/ Info/ water fountain,25db845d-d845-46e0-a69b-92a95090ce67,2019-04-25T16:08:03.556Z,1478.97436523438,157.077764211258
108,Other,Playground : kids lot,56d39884-1b74-4142-affa-45a7b1804f94,2019-04-25T16:08:03.775Z,5910.94140625,307.940587741154
109,Other,Playground:tot lot & sand box,775f802e-b0f5-4e00-88ff-5b2f040aba9f,2019-04-25T16:08:03.900Z,6754.89831542969,332.433601297226
110,Picnic Area,"YMCA picnic area in the woods:4 tables, no grills",8e974ebc-5a2c-4e35-866b-b848d45b3b34,2019-04-25T16:08:04.040Z,4332.69226074219,275.529952935901
111,Parking Lot,Playground parking,3dbef459-44ab-4025-b329-421f15726a3a,2019-04-25T16:08:04.198Z,24982.8707275391,703.879390953576
112,Garden/Orchard,Education garden & pond/ picnic area,62d83233-1ed6-4b8f-9c26-60cb7d5b1a1e,2019-04-25T16:08:04.322Z,15379.0422363281,510.539101113313
113,Field,Athletic field (main),9ae1de99-bc42-4a6e-a06e-633e0a95a92a,2019-04-25T16:08:04.479Z,129306.822387695,1534.95959457529
114,Field,Athletic field (cove),ccc6776a-51b0-4f0f-ac4e-671deb570be9,2019-04-25T16:08:04.618Z,36505.7021484375,780.236532369929
115,,Overnight lodge,2f46ffa0-49d2-4226-9774-b1da1468220b,2019-04-25T16:08:04.759Z,6269.18469238281,359.796815377258
116,,Lodge service access/ back donor loading,c9b8f067-f3bb-463e-bc32-16edebf7b65d,2019-04-25T16:08:04.915Z,5206.70727539063,361.632025720921
117,Parking Lot,Lodge parking lot,736b21d6-9cb2-450e-a8eb-07f306d0d1d4,2019-04-25T16:08:05.056Z,8066.806640625,440.119378241899
118,Administrative Building,BJ center for environmental education,c7f39985-a171-4dbe-ad04-384135b16b5b,2019-04-25T16:08:05.228Z,9945.63916015625,451.846583134906
119,Picnic Area,Playground picnic area (3tables),43b7d904-25f4-4c4e-8075-ba562c816f41,2019-04-25T16:08:05.384Z,1511.60070800781,199.886653709702
120,Garden/Orchard,Pollinator garden,b0bb27f6-187b-458a-b086-4e65b2b49fe3,2019-04-25T16:08:05.541Z,1994.99560546875,247.079510776092
121,Garden/Orchard,Prairie garden,5f620dd3-1195-482e-8567-62e0592fcdd5,2019-04-25T16:08:05.698Z,2349.375,245.377110016192
122,Administrative Building,Park office+ Shop,2fabbd14-18aa-431a-9872-bcfaf09ad624,2019-04-25T16:08:05.823Z,5114.88696289063,319.056328373021
123,Other,Volleyball Beach,fc55032e-e16a-4e56-b140-c90651f44c31,2019-04-25T16:08:05.995Z,4133.0732421875,263.455849301027
124,Garden/Orchard,Shade garden,465c8633-8b9f-4888-b633-a8dc34c72494,2019-04-25T16:08:06.120Z,925.901123046875,127.752815574164
125,Cultural Feature,"Playground, Tot Lot",19ff0b14-8a5a-42a6-9cba-3e9d8b94e7b7,2019-04-25T16:08:06.260Z,877.316772460938,130.276590652134
126,Picnic Area,With two picnic tables+ grill,18eba944-6cdd-4393-9daf-59dcb57fe5e5,2019-04-25T16:08:06.370Z,760.81005859375,112.465759407525
127,Shelter,"Robin shelter, Contains four picnic tables+ Grill",8c11ba62-e00f-4c2a-bd55-ad947f975de0,2019-04-25T16:08:06.495Z,778.764526367188,110.110897115824
128,,Tot Lot,660da46c-a732-41f3-b87a-685c331b373c,2019-04-25T16:08:06.604Z,474.115478515625,86.9033292566421
129,Restroom,Upper pavilion,ca389e2d-f3fd-47cc-98a3-826dfa245987,2019-04-25T16:08:06.713Z,1542.05920410156,170.830841596424
130,Water,Five turtle pads + one beaver,5415a7dc-3428-45b6-8bef-995d79580ded,2019-04-25T16:08:06.823Z,125021.422607422,1576.32317523261
131,Picnic Area,Upper playground,e46379f0-0c78-4bbc-bbf3-9a2b2a3b3bd3,2019-04-25T16:08:06.948Z,4677.97338867188,267.064877023405
132,Other,Playground ,a4866a5b-a72c-460b-a1aa-2c905740a023,2019-04-25T16:08:07.076Z,8116.15649414063,351.459503011307
133,Restroom,Restrooms/ information kiosk/water fountain,27646127-3d35-4fd8-850b-a43e5917e0c9,2019-04-25T16:08:07.245Z,991.906982421875,128.366111941504
134,Picnic Area,picnic tables (3),5ad4e997-c58d-4b57-86f0-88ce98ca0dc0,2019-04-25T16:08:07.354Z,5378.14660644531,290.284504004021
135,Picnic Area,Picnic tables (3),af690d02-7e74-4ece-9ca3-86aa44d5fcaa,2019-04-25T16:08:07.479Z,4204.12866210938,301.518608070181
136,Shelter,Sycamore shelter: picnic tables,e8f9b761-62e1-4ee0-9d1b-d6780d06a9a8,2019-04-25T16:08:07.604Z,1192.28723144531,149.058987178823
137,Field,Open play,838baba5-6a0d-4eba-86bb-5893dee54a59,2019-04-25T16:08:07.714Z,32789.5345458984,736.001281689147
138,Field,Open play,bace6143-ca87-45d8-886f-7183f45bd2fb,2019-04-25T16:08:07.870Z,47707.6169433594,1022.73660718092
139,Field,Open play,d356495a-6d9c-4562-9b01-3ff9f53b76be,2019-04-25T16:08:07.995Z,46659.5772705078,862.245761013987
140,Parking Lot,Playground parking lot,106a6750-b60f-47f1-a250-0043634e44be,2019-04-25T16:08:08.166Z,20134.7523193359,800.237845791429
141,Field,Open play,8736d2ee-ceed-45aa-b34c-552908db9dc5,2019-04-25T16:08:08.338Z,23509.5883789063,608.444866458197
142,Parking Lot,Greenway ?parking lot,e3d6e1df-4bb5-40d4-a012-cd31ab9aaa44,2019-04-25T16:08:08.479Z,12037.0946044922,572.825330667488
143,,Go Ape cabin,7a789157-49cf-4fa8-9198-b8b9bc4e6ee9,2019-04-25T16:08:08.588Z,115.9638671875,44.3336251918962
144,,Overflow Parking,0637addc-4746-405d-8d26-d83986692f11,2019-04-25T16:08:08.745Z,26536.8280029297,951.283126981069
145,Parking Lot,,438dc588-45b3-4b3f-a2fd-e891bd21f275,2019-04-25T16:08:08.999Z,3413.75036621094,244.04576690782
146,Parking Lot,Upper Parking Lot,dccd466f-49e2-439f-94c9-d013d1f3f154,2019-04-25T16:08:09.151Z,21448.5123291016,1126.66134381137
147,Shelter,"Cardinal shelter, picnic tables x 6",393a4428-3df7-4fb5-b20e-62ad0b1e2752,2019-04-25T16:08:09.276Z,872.81884765625,120.030796389102
148,Field,"Open, free play field",e85b0bea-b7f2-40b6-9321-e3556000e057,2019-04-25T16:08:09.432Z,75025.4449462891,1085.44242112002
149,Restroom,Lower restroom,9f9ffcc8-0926-45cc-9fc9-2832c4dce279,2019-04-25T16:08:09.588Z,1127.30065917969,160.955621714514
150,Parking Lot,,61e8fc6d-f8c9-4ab2-bd40-bd19055c28f7,2019-04-25T16:08:09.745Z,13912.5455322266,799.2541170775
151,Parking Lot,,d7221a8b-0d85-40e6-b9c5-9e484867e021,2019-04-25T16:08:09.885Z,6593.17932128906,329.420317216888
152,Parking Lot,,d29c051d-962c-48d0-ae17-bb8e403aa132,2019-04-25T16:08:10.026Z,6473.50915527344,323.077256917188
153,Shelter,Heron Shelter,0ac8d0c0-1e09-48c6-bd7c-cb47eacaa62d,2019-04-25T16:08:10.151Z,1960.89697265625,181.568603492971
154,Amphitheater,"Outdoor use only, unenclosed",da8c5f44-1ad5-4f10-b513-7dcd741ec64a,2019-04-25T16:08:10.276Z,444.22021484375,86.2849278889636
155,Garden/Orchard,Butterfly Garden,781a9806-98a8-4549-b8f1-28662d928e60,2019-04-25T16:08:10.416Z,722.38330078125,122.295160881734
156,Garden/Orchard,Bird Garden,16f38064-6d5b-44c5-b618-31b4dd66b2c6,2019-04-25T16:08:10.575Z,1305.20043945313,158.716809687298
157,Garden/Orchard,Rain Garden,6116eb69-2ee2-4d7b-8161-c3e86d9cfd03,2019-04-25T16:08:10.791Z,2219.37158203125,169.782613730174
158,Garden/Orchard,Butterfly Garden,538520ba-654e-41ba-be67-6c6be5965ed2,2019-04-25T16:08:10.916Z,674.136108398438,178.657090257894
159,Parking Lot,,ce007340-cce4-486d-831a-37ebf83f3a3b,2019-04-25T16:08:11.120Z,8897.72094726563,431.249674798309
160,Parking Lot,,511f0710-d306-49c6-924c-58d721316800,2019-04-25T16:08:11.276Z,9966.36877441406,476.956048348006
161,Water,Yates Pond,b0a2974c-5d76-47f4-97d3-aa9c23f87a37,2019-04-25T16:08:11.416Z,1021970.64367676,4844.51091234133
162,,Parking lot,b1dfde6d-76cb-48a1-8552-d6cf07b1d8b7,2019-05-11T13:14:09.582Z,23606.6752929688,937.007292370969
163,Shelter,,0ec9aae8-7b30-46fb-830d-07a2ebda6ccc,2019-05-20T20:14:46.222Z,320.123657226563,70.1991375419992
164,Administrative Building,Cabin,d6cc70c9-3eaa-49b2-9672-896c7331997e,2019-05-20T20:14:31.967Z,707.333862304688,111.551522306691
165,Other,Dock,82d70176-39cf-48fd-b8d4-7f6958127e40,2019-05-20T20:21:36.053Z,415.907470703125,120.14098953791
166,Parking Lot,,3f89bc34-4121-41ca-ab7a-7566e8dc2a5f,2019-05-20T13:28:54.943Z,28381.5347900391,740.539315476545
167,,,97c4fb80-29e1-4dae-be48-af8d214a7a45,2019-05-20T14:34:21.928Z,1185.708984375,344.677145184944
168,Parking Lot,,92e46895-5393-4d4c-ba41-ffc34a107abc,2019-05-20T15:10:56.675Z,20944.0100097656,985.960978054172
169,Parking Area - Public,Parking Area - Public,a5f1901a-9891-44df-a725-9a8bcf2539b2,,77590.5163574219,3016.92622123125
170,Picnic Area,Picnic Area,3e2edd40-934f-4b82-a077-c12e0a374ba9,,57902.1960449219,1055.21086812934
171,Lodge,Maple Hill Lodge,7b1c6866-a5bb-468b-b8aa-07908c0afa4d,,3039.23742675781,251.630997736551
172,Visitor Center,Visitor Center,294105b1-c555-4aca-a263-d13dfb74f3ed,,11120.8758544922,444.232432243705
173,Parking Area - Public Unpaved,Parking Area - Public,a4e18256-6980-441d-9249-1c73e9afbbd5,,3650.65393066406,241.758166907282
174,Lodge,Camp Crabtree Lodge - B Unit,764fabc9-8428-478f-ab0f-afc3686795c2,,1614.57885742188,164.041652141573
175,Cabin - Group,Camp Crabtree Cabin b4,0fada7a6-e87d-4328-bdff-130863237494,,430.5546875,85.3016666769981
176,Cabin - Group,Camp Crabtree Cabin b3,f90dc14e-3040-4bf8-a2b0-0a524f00e86e,,430.552612304688,85.3014947482299
177,Cabin - Group,Camp Crabtree Cabin b2,dc9db9e7-f60f-4273-bc12-192489a0dd8c,,430.5546875,85.3016666471958
178,Cabin - Group,Camp Crabtree Cabin b1,c7423b24-594a-45dd-b5cc-8458feeb588e,,430.553588867188,85.3015738317299
179,Toilet Building - Flush,Camp Crabtree Washhouse B,4600b8ef-c552-418b-a179-343289bce2ad,,753.468505859375,111.548179936747
180,Cabin - Group,Camp Crabtree Cabin b8,502f51c1-2573-43f7-bd59-a27b6c79793a,,430.552490234375,85.3014947740394
181,Cabin - Group,Camp Crabtree Cabin b7,9b1b5240-0c5d-4fa2-94a6-0d532d78a23e,,430.556640625,85.3018048744946
182,Cabin - Group,Camp Crabtree Cabin b6,1d568884-a18b-45c2-b6d4-aacea28aae47,,430.551147460938,85.3013654646971
183,Cabin - Group,Camp Crabtree Cabin b5,73c390d0-8534-409f-9311-ec91d40a01e0,,430.553588867188,85.3015738298933
184,Toilet Building - Flush,Camp Crabtree Washhouse A,ce3359b9-565e-4b3f-a0d4-a6e3430a0636,,1283.77673339844,166.251212894558
185,Cabin - Group,Camp Crabtree Cabin a1,aad48c72-fba9-4d8b-8034-18ca25861894,,430.553588867188,85.3015738508865
186,Cabin - Group,Camp Crabtree Cabin a2,834a76ad-6754-4c50-b82a-bdb7b18b2e58,,430.552856445313,85.301614289431
187,Cabin - Group,Camp Crabtree Cabin a4,b4295506-2c39-4925-9c15-f221095ac9dc,,430.553466796875,85.3015738298933
188,Cabin - Group,Camp Crabtree Cabin a5,863d96a6-9572-430d-8b52-5e47bb3f2955,,430.5556640625,85.3016918267056
189,Cabin - Group,Camp Crabtree Cabin a6,1fed9661-0b78-4c0b-a4e4-1cb693340821,,430.548828125,85.3011116207691
190,Cabin - Group,Camp Crabtree Cabin a7,0d1c598c-3c02-4ec6-9984-5772a6c97cfe,,430.553100585938,85.3016142702745
191,Cabin - Group,Camp Crabtree Cabin a8,c9d65e64-747f-4b29-ad61-47b10d603b7d,,430.5537109375,85.3015738508862
192,Cabin - Group,Camp Crabtree Cabin a3,660e2d41-79da-4c20-b578-e5c5f290da50,,430.56005859375,85.3020630498678
193,Dining Hall,Camp Crabtree Dining Hall,d29e70de-49a3-42a5-8bf2-f9652ad4934c,,2831.67663574219,256.407777046186
194,Cabin - Group,Cooks Cabin - Crabtree,ee307b9e-0a49-4ebb-ab12-3d3e32484319,,430.552978515625,85.3015489880944
195,Cabin - Group,Pines Unit Cabin 2,4c8a512a-0845-4f52-b4dd-7be95bc517fd,,430.5546875,85.3016666471958
196,Cabin - Group,Pines Unit Cabin 1,2042d1ad-21d9-4127-a617-beffb8ef8b56,,430.554931640625,85.3016666769981
197,Cabin - Group,Pines Unit Cabin 3,44c25137-09b0-4a92-942e-d80ced0f9a35,,430.551391601563,85.3013066587878
198,Cabin - Group,Pines Unit Cabin 4,d43937ac-fa40-472f-971d-fe795f00f43c,,430.551147460938,85.3013066587878
199,Cabin - Group,Pines Unit Cabin 7,eb7b6d15-2541-4239-b1c7-b7834189bae8,,430.5615234375,85.3023437384442
200,Cabin - Group,Pines Unit Cabin 5,6ee48c28-adb0-4b7d-b0a1-320cacc7ad7b,,430.556518554688,85.3019232648462
201,Toilet Building,Pines Unit Toilet Building,c3203810-1d64-4bdf-982f-5a1bdeca5eb1,,753.476684570313,111.548752347515
202,Cabin - Group,Pines Unit Cabin 6,924c2b58-685d-4234-a5a0-9d8da7e174e5,,430.551147460938,85.3013654819593
203,Toilet Building,Lakes Unit Latrine,8ea15de4-6ce5-43bd-98e9-0a5eabaf6c25,,753.4677734375,111.548198895794
204,Cabin - Group,Lakes Unit Cabin 5,a4d707ba-c2ce-4226-ace4-96189aabd356,,430.554931640625,85.3016666769981
205,Cabin - Group,Lakes Unit Cabin 4,7809394f-8295-4e1c-803b-0e317c682fb1,,430.554809570313,85.3016315783782
206,Cabin - Group,Lakes Unit Cabin 3,b76648cf-68d7-4fc3-8b55-300c7d482179,,430.560180664063,85.3020764784485
207,Cabin - Group,Lakes Unit Cabin 2,9e96cdb7-6549-4ef8-ba03-a033c977001a,,430.556640625,85.3018977264358
208,Cabin - Group,Lakes Unit Cabin 1,ab41e9eb-bed2-4ab1-a4d2-194dfec56d4b,,430.551391601563,85.3013066409759
209,Cabin - Group,Lakes Unit Cabin 7,f0fbe8dd-f492-4a79-90cc-e5327f5de898,,430.554931640625,85.3016315956407
210,Cabin - Group,Lakes Unit Cabin 6,a055c063-41ef-4687-bc57-f1df1c7fb50f,,430.555053710938,85.3016315900447
211,Cabin - Group,Lapahio Lakes Unit Lodge,6c2489f2-facd-481f-9e31-3586e2b9020b,,430.561279296875,85.3022777901497
212,Cabin - Group,Cook's Cabin - Lapihio,a1398d78-3d7a-480e-aaf4-40b799d09b40,,430.5546875,85.3016666769981
213,Showerhouse,Lapihio Showerhouse,00cb44dd-bcb6-448d-9e9a-dd84406ba42e,,1467.70190429688,178.885161020093
214,Cabin - Group,Lapihio Crafts Cabin,ca3a295f-aef6-4d39-8788-23c4a9958b42,,430.555541992188,85.3017768835568
215,Cabin - Group,Hills Unit Cabin 1,f7c43d88-59ae-4fd7-a17b-53f6cb166a2d,,753.46240234375,111.54777840191
216,Cabin - Group,Hills Unit Cabin 3,a2f1d5df-c732-417f-b93b-b824b0de8d57,,430.556274414063,85.3017714502771
217,Cabin - Group,Hills Unit Cabin 4,b53c9a58-c27b-47cc-88ef-1adef343547d,,430.55615234375,85.3017271808078
218,Cabin - Group,Hills Unit Cabin 2,f8a18c3a-0a96-4b61-bea2-f3d26c491bbf,,430.5546875,85.3016315900447
219,Cabin - Group,Hills Unit Cabin 5,228fe72e-b96b-4f85-bcd7-64a0078df6a9,,430.556274414063,85.3019232368412
220,Cabin - Group,Hills Unit Cabin 6,b6c7e504-a866-4524-959e-229067f76a95,,430.561401367188,85.3022777953247
221,Cabin - Group,Hills Unit Cabin 7,1cb36c67-3aaa-4d85-8ed1-669428c3261e,,430.554809570313,85.3016315779574
222,Cabin - Group,Oaks Unit Cabin 7,813f24cd-62cb-4720-8a31-5d0134bf4b94,,430.557739257813,85.3019916418934
223,Cabin - Group,Oaks Unit Cabin 2,9ac46654-670c-4040-862c-3f4cd116f69f,,430.553588867188,85.3015556524694
224,Cabin - Group,Oak Lodge,43b2fba4-1fd3-4fdb-b370-5e4d8d77abbd,,1549.99145507813,164.041417853179
225,Cabin - Group,Oaks Unit Cabin 6,3b721908-9028-4acf-bb36-97540af3109d,,430.547119140625,85.3010404514816
226,Cabin - Group,Oaks Unit Cabin 5,8b21a0a8-8a07-4bc8-9fb2-a00c1860eb89,,430.552001953125,85.30144943373
227,Cabin - Group,Oaks Unit Cabin 8,56df8ad0-0b98-48b2-84e6-6278b764b548,,321.992919921875,72.1561192388211
228,Cabin - Group,Oaks Unit Cabin 4,f177f2fe-a601-474e-9a19-ab45b3e7ae56,,430.5546875,85.3016666769981
229,Cabin - Group,Oaks Unit Cabin 3,b52403fd-f0a3-419b-b486-5b91eda76274,,430.554443359375,85.3016666769981
230,Cabin - Group,Oaks Unit Cabin 1,a557b576-7aeb-4e8b-b3a6-72d51c9107de,,430.556396484375,85.3019232266483
231,Showerhouse,Sycamore Central Wash House,4622248a-b54d-4262-997a-b26c2b2efaee,,1614.587890625,164.042065887351
232,Dining Hall,Camp Sycamore Dining Hall,48a2d462-5da8-4be7-ae57-1592eaa44911,,6026.73132324219,417.128438889708
233,Toilet Building,Toilet Building at Maple Hill Lodge,fe0ce324-8731-400c-ac21-8b05f8a243ec,,43.055419921875,26.2466666698456
234,Toilet Building - Non-Flush,Primitive Camping Pit Toilet,ac6959e6-d80a-401d-9ba3-70f2d1e64bca,,43.055419921875,26.2466666698456
235,Cabin - Group,Whispering Pines A-Unit 12,88f09bcc-eae5-4b09-974c-8b4f144d58b5,,430.551147460938,85.3013654698723
236,Cabin - Group,Naturalists House,98b46177-821e-4ed6-ad4e-bc8f71eca89d,,301.38818359375,72.1783333420753
237,Cabin - Group,Whispering Pines A-Unit 1,4c7d174b-5f1c-4fad-9c76-bc1988288b34,,430.556274414063,85.3019232368411
238,Cabin - Group,Whispering Pines A-Unit 13,87710a14-bb76-42b3-b2b2-d207b6c8530e,,430.556274414063,85.3017271528028
239,Cabin - Group,Whispering Pines A-Unit 2,d65ba667-0be6-4496-a514-5952d50a095e,,430.552856445313,85.3016315757914
240,Cabin - Group,Whispering Pines A-Unit 3,f06ff4a2-ae3a-4103-9fef-78a2edd10a82,,430.5546875,85.3016666471958
241,Cabin - Group,Whispering Pines A-Unit 4,b687a3f2-3543-4df2-a78b-f04dc3563dcd,,430.55615234375,85.3017611155618
242,Cabin - Group,Whispering Pines A-Unit 5,f146d1e7-6fd5-4fd9-956b-711a29dd96be,,430.55712890625,85.3018969444346
243,Cabin - Group,Whispering Pines A-Unit 6,abc09f7c-931b-4c7b-b2e4-b3ace8afb824,,430.553588867188,85.3015738508865
244,Cabin - Group,Whispering Pines A-Unit 7,6c386f02-2b5e-4df7-a17c-9798a993fa2d,,430.5546875,85.3016666769981
245,Cabin - Group,Whispering Pines A-Unit 8,a86ecf39-06ac-472b-b197-12db2b7a9cdf,,430.557861328125,85.3019916418934
246,Cabin - Group,Whispering Pines A-Unit Canteen,53215440-5056-403c-bf6a-2cd9fccb5485,,430.552856445313,85.3013969343241
247,Dining Hall,Whispering Pines Mess Hall,ff460146-00af-4280-8ce8-7d4f4736ea60,,1291.66430664063,150.91833332181
248,Toilet Building,Whispering Pines First Aid Building,6250b033-63ec-4544-b47d-5e0003611a0f,,645.829956054688,104.986404374011
249,Cabin - Group,Whispering Pines B-Unit 1,f18165e4-52e4-4a55-bfc4-c40cb93ecdbe,,645.8330078125,104.986574853565
250,Cabin - Group,Whispering Pines B-Unit 2,cc0cd2f5-af38-42b4-865a-da3483cf0a8e,,430.557739257813,85.3019931446235
251,Cabin - Group,Whispering Pines B-Unit 3,5019240e-232d-453f-b61d-11e10af99f8a,,430.552001953125,85.3014494470623
252,Cabin - Group,Whispering Pines B-Unit 4,1430930c-145a-4701-98e4-ef8299b1f7c6,,430.551513671875,85.3013066498818
253,Cabin - Group,Whispering Pines B-Unit 5,fa58c23b-63e5-41af-be4c-c84787b96007,,430.5537109375,85.3015482226769
254,Cabin - Group,Whispering Pines B-Unit 6,f8d88bd2-cb64-40ef-b7cc-cbfdf140b4c3,,430.554321289063,85.3017134560253
255,Cabin - Group,Whispering Pines B-Unit 7,be4bc4ec-0646-40df-9e4c-cf006935125e,,430.553344726563,85.3015300510976
256,Cabin - Group,Whispering Pines B-Unit 8,54b8d263-a29c-4415-82f3-7d4b3e2c8f6a,,430.55615234375,85.3019937120819
257,Park Office,Park Office,1c9fa1af-45e8-4273-b0e9-68cf43b9f4d3,,1202.64733886719,142.434483879738
258,Picnic Shelter,Older RC Picnic Shelter,a8ba1cf4-3d9e-4ede-b4bf-41e8858b50dd,,1852.49426269531,176.871848362995
259,Toilet Building,Reedy Creek Picnic Area Toilet,bf358d24-4e04-48e5-8048-4784bbc6f333,,1555.19384765625,198.376673482608
260,Parking Area - Public,Parking Area - Public,8e4d9d1c-78e0-4a83-9c37-45b5449b1d55,,19318.2414550781,767.580539461402
261,Parking Area - Public,Parking Area - Public,35bcf66b-73fd-4a2b-9aa5-af715b7e09d4,,25174.1958007813,1194.70138820753
262,Observation Structure,Observation Structure,11fc0b40-f397-466d-948e-e11db1bd2722,,422.7548828125,83.0962904989719
263,Parking Area - Public,Parking Area - Public,359b383e-e427-4824-9604-17e0fdd5b0f1,,46487.8937988281,1865.23718760407
264,Picnic Shelter,Older Picnic Shelter,b8275a1e-6203-462d-944b-133a91b87ecb,,1309.17016601563,149.440375975787
265,Campsite - No Hookups,Campsite 06,eb5d31b4-440a-4c03-8062-d20041c063b3,,485.260864257813,80.276644206827
266,Campsite - No Hookups,Campsite 08,72d6617c-911b-47c6-b46f-ff92e9f82c31,,485.260864257813,80.2766287191613
267,Campsite - No Hookups,Campsite 09,f188bc6c-b590-48b1-beb1-d6061cd584c9,,485.260620117188,80.2766442061236
268,Campsite - No Hookups,Campsite 10,63ddc4fb-33ce-4346-b736-beb8df663dee,,485.260864257813,80.2766287196586
269,Campsite - No Hookups,Campsite 12,7911e286-4c0b-4838-9f92-ed535573d1c3,,485.2607421875,80.2766287298523
270,Campsite - No Hookups,Campsite 14,250a4725-ff9e-4a80-8d15-cdc889d0fee9,,485.267456054688,80.2771686442704
271,Campsite - No Hookups,Campsite 15,10fdb0a1-98a2-48fc-b4d9-286888dbc0b3,,485.262939453125,80.2768293269544
272,Campsite - No Hookups,Campsite 16,5c8e0ea7-468b-432f-b790-f30bf019e675,,485.262939453125,80.2767983719594
273,Campsite - No Hookups,Campsite 17,6c267547-a88e-4d07-beca-e11af1637a7d,,485.263061523438,80.2768293227324
274,Campsite - No Hookups,Campsite 18,4aed323d-2523-4ed9-ad9e-75842edc7356,,485.262817382813,80.2768293460535
275,Campsite - No Hookups,Campsite 19,1a717c2d-b485-4311-9417-4aa97e409250,,485.263061523438,80.2768293304373
276,Campsite - No Hookups,Campsite 20,30c41b8a-518f-4ac0-803e-93e1e362d46b,,485.260986328125,80.276628720362
277,Campsite - No Hookups,Campsite 21,69ef5284-6449-483d-9102-07fdb66b5f44,,485.267456054688,80.2771686442704
278,Campsite - No Hookups,Campsite 13,68759584-b777-483d-8191-3586c4861709,,485.263061523438,80.2768138687381
279,Campsite - No Hookups,Campsite 11,3f1b175e-dc30-433b-9acb-235b88aba325,,485.267456054688,80.2771686328765
280,Campsite - No Hookups,Campsite 23,dff7e4e6-9ded-4ed4-9d0b-354325806d72,,485.26318359375,80.2768138573435
281,Campsite - No Hookups,Campsite 24,c8a21d59-54b0-4433-b862-72586a5eb8ef,,485.263061523438,80.2768293502399
282,Campsite - No Hookups,Campsite 25,ef996064-2040-48d1-9c0d-fda66fa59272,,485.263305664063,80.2768138496383
283,Campsite - No Hookups,Campsite 26,54108d9c-620a-4cb3-9965-8574fb96bb3c,,485.26123046875,80.2766287137385
284,Campsite - No Hookups,Campsite 07,5dc2c031-e482-4b2f-aa23-8edee3b5bcf8,,485.26513671875,80.2769989713436
285,Campsite - No Hookups,Campsite 22,dc577ad6-c4b1-4244-a6b7-7a70cca7e7f6,,485.263061523438,80.2767983719594
286,Campsite - No Hookups,Campsite 27,a9d1bb5f-21c7-4696-9230-a46c4f5cba76,,485.260986328125,80.2766287291488
287,Campsite - No Hookups,Campsite 28,c64b2eb6-2a22-4f2f-80ca-3dc4def9ce9c,,485.260864257813,80.2766287137385
288,Campsite - No Hookups,Campsite 05,d403b8f0-f511-44ab-ac9e-48c8555dc865,,485.262939453125,80.2767983880736
289,Campsite - No Hookups,Campsite 04,7449195a-73b2-4160-afd4-44f30b1f0852,,485.2607421875,80.2766287137385
290,Campsite - No Hookups,Campsite 03,04da3cd5-8c1e-4fce-9c84-fb0d4c1cd9cb,,485.265380859375,80.2769990007562
291,Campsite - No Hookups,Campsite 02,98a62cec-958e-42c7-958c-1184b1a99e80,,485.26318359375,80.2768138457567
292,Campsite - No Hookups,Campsite 01,805cfa67-bd71-4225-9922-4424dd530945,,485.265625,80.2769834969762
293,Group Camp - Walk In,Youth Camp,e1d35e09-a214-4eda-9422-67ed0e593572,,538.307495117188,82.3516756939036
294,Parking Area - Trailer,Equestrian Parking,23a7d3e2-e5da-4a3f-a054-af1878dd1e48,,33851.7039794922,896.078170131416
295,Parking Area - Public Unpaved,Parking Area - Public,6f7f95fa-7180-4b6a-b601-3a4c31b0fed9,,16230.3370361328,821.336244996498
296,Toilet Building,Hills Unit Toilet,99b02933-db8d-4c9a-980e-593a9fd84d45,,184.873168945313,54.6464572806503
297,Toilet Building,Crabtree Canteen,1b9e5ec1-e1d2-44f8-b806-8ff34755c6e8,,439.065185546875,84.1656474743973
298,Toilet Building,Oaks Unit Toilet,ae9b68be-1564-4621-bcf4-432db2b365bf,,184.86669921875,54.6454956095586
299,Dining Hall,Lapihio Dining Hall,ba6821c8-e76f-4621-af79-6342522a5b1a,,3599.96752929688,326.431600549323
300,Cabin - Group,Lapihio Staff Quarters,e325f21b-22b9-4566-819a-b9e096fcc250,,1469.65466308594,192.32337549844
301,Picnic Shelter,Reedy Creek Picnic Shelter 2,7dfc3ae5-aee8-4139-ad9d-b587515c2f64,,1319.1904296875,148.230095090033
302,Toilet Building - Flush,Whispering Pines A Washhouse,52a8d179-461b-460e-bed4-4656f3e39f61,,1677.62658691406,163.946023665983
303,Picnic Shelter,Newer Picnic Shelter,ceb6f479-1cf4-4e79-9d2d-4cbeb3619ea1,,1210.01062011719,142.794735578512
304,Showerhouse,Camping Area Washhouse,f34dac4f-fb9b-493d-b9a3-0baf5efbebe8,,1104.94445800781,145.997965182539
305,Cabin - Group,Sycamore Crafts House,40e308d4-c26f-495e-a442-eae6c103125f,,1261.29138183594,145.701870394969
306,Toilet Building,Crabtree Picnic Area Toilet,88a79317-fae4-4b15-97fa-a5559725434a,,1048.04907226563,132.856033474207
307,Classroom,Classroom,42bb0f76-5066-4adc-8bf2-63a8f47ad3c9,,33.456787109375,23.1882738173008
308,Auditorium,Auditorium,19ee9433-5060-4360-bced-67904acb6442,,43.01806640625,26.2807873189449
309,Museum/Exhibit Hall,Museum/Exhibit Hall,3876c7d2-402f-4036-96d9-8265df382b62,,40.6259765625,25.5071668028831
310,Restroom,Restroom,2b68a100-1d25-4288-ae62-223b1ccb4f16,,40.62646484375,25.5071668624878
311,Water Point,Drinking Fountain,dbfbb6fb-05a7-4609-b0ae-dae124d22e27,,4.475830078125,8.46520614624023
312,Water Point,Drinking Fountain,12c17029-0d6f-4c79-897d-9be8b8626d94,,8.02490234375,11.5911841392517
313,Water Point,Drinking Fountain,fd2dc6cb-4fcd-45eb-b658-2e9803744ab3,,29.33251953125,21.690901517868
314,Water Point,Drinking Fountain,1962ac3c-c531-4452-a474-99b898c92d45,,16.457763671875,16.2302825152874
315,Water Point,Drinking Fountain,3bf8daaa-9df1-42a8-bc63-e9e54b974668,,26.759765625,20.8332916498184
316,Water Point,Drinking Fountain,d511a982-69d6-4bd6-b7aa-bbc205c435f8,,12.652587890625,14.2283180058002
317,Amphitheater,Reedy Creek Ampitheater,94836df4-5eb5-46f8-8e65-139b7b1469d4,,1595.87963867188,147.268266373806
318,Water Point,Drinking Fountain,3cbcb64a-0cc2-4164-a41b-237e388726f1,,42.565185546875,26.3030970096588
319,Water Point,Drinking Fountain,2fad7999-117b-4652-858b-355f40374c29,,65.152099609375,32.3234261572361
320,Water Point,Drinking Fountain,a19cd660-7e95-405e-a9b4-9ea2d5386921,,42.4052734375,26.0839373469353
321,Amphitheater,Whispering Pines Amphitheater,41c4de14-ca4b-41ed-8c4f-4088801e2308,,1333.83459472656,147.605973949277
322,Parking Area - Public,Parking Area - Public,a78e861a-c6e2-4dbf-a89d-73aa8286a04a,,549.04541015625,97.3169006527313
323,Parking Area - Public,Parking Area - Public,8f047778-6df6-46b1-a77c-4457abb98ee5,,371.89013671875,78.0527264143307
324,Amphitheater,Crabtree Creek Amphitheater,1d0402d5-05ea-4999-9f81-406a94d64e98,,1580.63879394531,146.65332902317
325,Cabin - Group,Sycamore Cabin Central Cabin C6,8fd27207-9f49-4019-9a83-88efd2f0cb87,,254.601806640625,65.170792812981
326,Cabin - Group,Sycamore Cabin Central Cabin C3,4cd023f7-1f3e-457d-852f-20f020e06e11,,254.597290039063,65.1702471474612
327,Cabin - Group,Sycamore Cabin Central Cabin C4,b32651ad-03ac-4bf1-9f59-84a8aa6b2e36,,254.598999023438,65.1705229275255
328,Cabin - Group,Camp Sycamore Central Cabin K1,04c0433c-5720-4ac8-8e10-b6ae38d767a8,,217.017456054688,59.120421206231
329,Toilet Building,Sycamore Central Unit Latrine,78351fd8-ecc8-48ba-8503-dd0387aec3af,,189.901489257813,57.9858679974376
330,Cabin - Group,Camp Sycamore Central Cabin K2,6a5fda45-7ac7-4705-bbe5-3836aba498ff,,217.017822265625,59.1204974355584
331,Cabin - Group,Camp Sycamore Central Cabin C1,aa09c099-0ce4-4e39-aa5f-daa11fb64a34,,254.598266601563,65.1703175886088
332,Cabin - Group,Sycamore Cabin Central Cabin C2,4721ffaf-f0b2-4027-adc0-99662e6e6f2b,,254.597778320313,65.1703003923755
333,Cabin - Group,Sycamore Cabin Central Cabin C5,42ccdba4-072d-4adc-9e94-2cd2f33c60a0,,254.598388671875,65.1704332870328
334,Parking Area - Public,Parking Area - Public,8b6e515e-1107-43ea-a5bc-f354df4cfd25,,2195.1162109375,193.078808637804
335,Cabin - Group,Camp Sycamore West Cabin C6,fe34c24d-e562-43c3-b225-6da11c168aee,,266.215942382813,66.3647228440887
336,Toilet Building,Camp Sycamore West Unit Latrine,57946797-ddf2-41b4-9423-b39ab1af6b97,,189.89794921875,57.9854893276405
337,Cabin - Group,Camp Sycamore West Cabin K2,e5c8f049-2c32-47f4-b17e-7126b69839f6,,217.286376953125,59.1600163074981
338,Cabin - Group,Camp Sycamore West Cabin C5,6fdd455e-1e2a-4e68-90db-ad0c2ef307a5,,266.216552734375,66.364825012388
339,Cabin - Group,Camp Sycamore West Cabin C4,b3221eed-9db2-4372-9fd7-f62924040526,,266.214233398438,66.3645056268618
340,Cabin - Group,Camp Sycamore West Cabin C1,6ba051c5-823d-485b-bd4b-11787f259634,,266.216064453125,66.3646783538126
341,Cabin - Group,Camp Sycamore West Cabin C2,dda87e3e-cf99-4342-8b7c-80c0083a4de0,,266.21484375,66.3645474739957
342,Cabin - Group,Camp Sycamore Lodge,96c59752-d202-4a80-9de3-bf5a24530b0f,,583.767578125,113.123133331537
343,Toilet Building,East Unit Latrine,fce0e235-756e-4e66-8b2f-8c18f7261930,,189.897338867188,57.9855773969658
344,Cabin - Group,Camp Sycamore East Cabin C5,4ccea63c-ac5a-48de-a383-1dc171f9dcfb,,254.599731445313,65.170649432806
345,Cabin - Group,Camp Sycamore East Cabin C3,45c6ce91-027f-4f3f-a2aa-bafbe0e27203,,254.596069335938,65.1701385773004
346,Cabin - Group,Camp Sycamore East Cabin C4,a181ae08-9532-452b-8859-c819e9870549,,254.598754882813,65.1704015331929
347,Cabin - Group,Camp Sycamore East Cabin C6,1758e5b7-5119-49cd-a76f-57023382afb3,,254.60205078125,65.1707149947775
348,Cabin - Group,Camp Sycamore East Cabin K2,e4ef4383-e7a1-433c-93d0-6b24c277e1d0,,217.019287109375,59.1206171299792
349,Cabin - Group,Camp Sycamore East Cabin C1,f7fb4f06-7ace-43a2-abef-08e6106bc954,,254.601684570313,65.1708001722346
350,Cabin - Group,Camp Sycamore West Cabin K1,5fc38ab2-febf-4bad-8972-b5e4c2369027,,217.288208007813,59.1602632250882
351,Cabin - Group,Camp Sycamore West Cabin C3,1159c749-35bc-4f92-8cd7-ef55144cab7c,,266.217529296875,66.3648913953105
352,Cabin - Group,Cooks Cabin - Sycamore,984a9d24-0d0a-4fe2-a829-af8386050c20,,1171.18920898438,141.65391446059
353,Cabin - Group,Sycamore Staff Quarters,2620dc50-8aa4-4e78-8b5c-1174206f7ad6,,1005.12170410156,155.773978643172
354,Cabin - Group,Camp Sycamore Canteen,fb159cec-96c2-49a9-805a-6ed8f76d87ba,,190.296630859375,55.2529401884105
355,Parking Area - Public,Parking Area - Public,053d9081-aa4a-4a4b-8f56-1562140824dd,,62251.9072265625,1328.3093415285
356,Cabin - Group,Camp Sycamore East Cabin C2,9030bbd8-6d43-4ded-b0e1-08a466c6ea99,,254.600708007813,65.1706596392366
357,Cabin - Group,Camp Sycamore East Cabin K1,e4339329-6c6d-40a5-9c79-a1e27efc40b0,,217.017456054688,59.1204056312522
358,Parking Area - Public,Parking Area - Public,ad05fd26-f699-4f2d-9d3e-c76dbb492ff8,,465.51220703125,97.4285508304599
359,Campground,Tent and Trailer Camp,e3335c97-11bb-49a3-92a2-b2c30795755d,,343174.364379883,2422.76051802775
360,Group Campsite - Walk In,Group Campsite - Walk In,d4b5af71-acc1-406c-b746-242e08e0403b,,192.560913085938,51.9199047326657
361,Group Camp - Drive To,Camp Crabtree,cb376666-9deb-4cd9-8fe1-dcd7169c129f,,698288.725097656,3371.38392038628
362,Group Camp - Drive To,Camp Lapihio,1ba62e7e-2766-483a-83b9-adb4eef5c45a,,1605831.05310059,4702.83753590924
363,Group Camp - Drive To,Group Camp - Drive To,628fac12-d4c4-4b1a-9559-e381bdba0353,,646828.786132813,3949.28833800092
364,Group Campsite - Drive To,Whispering Pines A-unit,bca55a5f-94a4-4cf7-870c-4657b21a50e3,,172942.292358398,1565.32696054916
365,Campground,Camp Sycamore,b2b95f53-25f6-4a6e-af0f-268dbef9c026,,806401.356079102,4523.74206107883
366,Group Campsite - Drive To,Crabtree Group Site B,0181054d-4fed-46cf-9c14-4b5bbd964b54,,122154.122192383,1274.96027357065
367,Group Campsite - Drive To,Crabtree Group Site A,e7f7e164-b24c-462b-89ec-1101825dea6f,,190011.313842773,1653.697365803
368,Group Campsite - Drive To,Oaks Unit,12882621-3993-4b6f-ba70-9b025602f3e6,,117792.691650391,1277.60785290652
369,Group Campsite - Drive To,Hills Unit,c4d039ff-3e4d-4a73-8fa0-3601c2e01b3b,,110772.127685547,1214.44799580239
370,Group Campsite - Drive To,Lakes Unit,9c3daa2e-4318-4f2e-81f9-ae66b5786cc9,,164996.903320313,1551.37276242289
371,Group Campsite - Drive To,Pines Unit,5209a532-b123-4e3d-9bd3-d47598c8fd51,,83740.2103271484,1088.34606561667
372,Group Campsite - Drive To,Sycamore Central,599f5464-eb19-4640-ab3f-e352131b8ca9,,93067.1325683594,1140.4109677182
373,Group Campsite - Drive To,Whispering Pines B-unit,10059352-7e97-488d-8fa3-58b83e723b46,,76421.0959472656,1048.13350914814
374,Group Campsite - Drive To,Sycamore East,825aaf54-1a37-499b-b5d1-3bf10bd93f8a,,93529.5817871094,1131.33415559062
375,Group Campsite - Drive To,Sycamore West,2c08ef2b-eaeb-425c-80a6-50eecdf80ce0,,120096.815917969,1275.30638653394
