OBJECTID,Man_Made_Object,Notes,GlobalID,EditDate,Shape__Length
1,Trail Paved,Brick pavers,7418f4ca-b1f4-416e-8957-ef78ba12da74,2019-04-25T15:49:59.886Z,1751.45286835
2,Trail Paved,Brick pavers,d021faa6-ad1a-4a1a-aee5-67a07b854830,2019-04-25T15:50:00.122Z,30.9308455728665
3,Trail Paved,Brick pavers,33c87619-002b-4e89-a0f8-a818c871103e,2019-04-25T15:50:00.537Z,230.877938792077
4,Trail Mulch/Stone,Hunnicut Trail,c31ad8e8-be91-4f69-a3e4-9090e0b28aba,2019-04-25T15:50:00.881Z,1699.10334272731
5,Trail Singletrack,Jones Creek Trail,220bd1c9-856c-4d74-8b7e-3e6a0c7c51e4,2019-04-25T15:50:01.044Z,2472.15252488744
6,Road,,974cdf13-3644-46a2-a5ed-4b393b6a22f5,2019-04-25T15:50:01.263Z,773.967794054876
7,Trail Paved,,e5c2e19d-a31b-4bf0-ae6c-aa3210e8392d,2019-04-25T15:50:01.762Z,277.594304642487
8,Trail Paved,,5723ca4a-1e8a-4458-9e78-0f4345934852,2019-04-25T15:50:02.232Z,694.821378348605
9,Trail Mulch/Stone,,04efc021-4ca3-47ce-bc16-9cbf43927f90,2019-04-25T15:50:02.512Z,491.760633075243
10,Trail Paved,,964b9493-a22f-405b-ae7d-9a4d79f71a14,2019-04-25T15:50:02.762Z,643.769318859753
11,Trail Mulch/Stone,,419e7bbb-40d8-41b2-91c4-74965e8566dc,2019-04-25T15:50:02.981Z,235.994181287962
12,Trail Paved,,353a7986-5414-45cb-8e87-cd9f3da306b3,2019-04-25T15:50:03.231Z,85.105278805405
13,Road,,07c7f4e2-9696-46dc-807b-408c734f694b,2019-04-25T15:50:03.340Z,5458.89222903139
14,Road,,c380265f-71f0-48b4-884e-28075e21e8fc,2019-04-25T15:50:03.481Z,331.312183038636
15,Road,,71a6160c-77e4-46df-89eb-7a6ef7f9499c,2019-04-25T15:50:03.731Z,519.97354598364
16,Road,,6af662a5-9870-46e2-a97c-ef16083d37ff,2019-04-25T15:50:04.169Z,1249.00866667829
17,Road,,471794d9-b80c-4530-980f-2f4f224abb34,2019-04-25T15:50:04.295Z,65.7177115428959
18,Road,,78c2b0c6-4624-45a3-a81a-e47e668cbe03,2019-04-25T15:50:04.531Z,321.716405027186
19,Road,,2243f15e-893a-4bfa-a3a8-174953da8df8,2019-04-25T15:50:04.812Z,311.774102810035
20,Road,Gravel,2919a74c-29c6-4b9f-a2a8-2d717633b3c5,2019-04-25T15:50:05.106Z,449.284161849768
21,Trail Paved,,99681d54-6659-489c-99aa-9e2a2639d46c,2019-04-25T15:50:05.262Z,1345.77189335714
22,Trail Paved,,4b22a2fb-6c7f-445f-8cd3-b402a8967f35,2019-04-25T15:50:05.403Z,1106.81136485693
23,Trail Paved,,a26501df-4de1-4232-9a3c-7d65dd838168,2019-04-25T15:50:05.529Z,427.826135233634
24,Trail Paved,,c1558db8-cfd1-45a6-867a-1fdde068a31b,2019-04-25T15:50:05.736Z,175.122968403901
25,Trail Paved,,43856ed4-61b5-4cf0-9fd6-c492cd89ad4d,2019-04-25T15:50:05.891Z,154.842427283501
26,Trail Paved,,f8251d51-bb71-4f05-b22a-5ba98a81fd92,2019-04-25T15:50:06.106Z,477.292462895222
27,Trail Paved,,533ee7b3-5a55-4d86-9949-cdf1aab75fa6,2019-04-25T15:50:06.247Z,63.2702287313094
28,Trail Mulch/Stone,,a999493d-c879-4ecc-9861-e0a3e7ac42a6,2019-04-25T15:50:06.403Z,107.517339361004
29,Trail Paved,Steps,014d58a9-e101-4911-8057-d00e7e076c79,2019-04-25T15:50:06.606Z,50.4236271583517
30,Trail Mulch/Stone,,c67422c8-f096-408b-af30-cc1e86f53020,2019-04-25T15:50:06.840Z,58.6241069246124
31,,Loop 6,92ac6647-f8a3-477e-bbb0-2159c18553bc,2019-04-25T15:50:06.965Z,3277.77905830676
32,,Loop 2,178d40e8-833a-4286-9286-4eafffa24583,2019-04-25T15:50:07.200Z,2440.36336114384
33,,Connector E,c34040b9-808e-46e3-a3a8-651d4da16d4f,2019-04-25T15:50:07.482Z,2362.89495320342
34,,Loop 3,0932e0c5-e6c9-4b7b-9f25-cfac3174a809,2019-04-25T15:50:07.625Z,2303.05359056789
35,,Loop 4,f0fe47d6-17bc-42f1-b7aa-4550b4895f3f,2019-04-25T15:50:07.840Z,3512.86772756973
36,,Loop 4+,6c833a01-0010-4557-b541-0411064df55c,2019-04-25T15:50:08.029Z,1068.14145362208
37,,Loop 4+ cont.,655d3fae-bd4c-4111-8278-60a1a7354adf,2019-04-25T15:50:08.157Z,1898.14613476712
38,,Loop4+ cont. A,de13650c-2768-4e32-b815-924e70e79d85,2019-04-25T15:50:08.309Z,2401.49254928275
39,,2 connector,f6d45240-c87b-41c4-a10c-35c321a43f38,2019-04-25T15:50:08.450Z,410.867953522824
40,,Loop 4+ cont. B,e8276cb4-bc8e-4221-862d-ae92e915cdb0,2019-04-25T15:50:08.606Z,84.2723733747118
41,,Loop 4+ cont. C,e751bf07-d773-457a-9f9b-99088f7d00d5,2019-04-25T15:50:08.793Z,1706.69742775532
42,,Connector b,376bc5ac-1f70-4900-88de-42ee0d20652c,2019-04-25T15:50:08.997Z,1154.61541417145
43,,Connector a,34f0f3c1-cff3-4c5f-b3fd-4a920a41d5e7,2019-04-25T15:50:09.153Z,1239.54643168938
44,,Loop 5,a52967ba-336b-4d4f-b3f5-5ce22ba15ea8,2019-04-25T15:50:09.356Z,3968.75159416882
45,,Connector c,1910ba9c-e2f6-490a-9674-274649687c3f,2019-04-25T15:50:09.543Z,2229.54506707742
46,,Connector D,f54b51b3-1d64-48f6-a0f2-c0231da5161a,2019-04-25T15:50:09.720Z,1363.87940406283
47,,Lake trail,2feed0f5-b5fa-4a90-bbde-2ba6ee377a7f,2019-04-25T15:50:09.872Z,3652.12155780841
48,,Lake trail cont. A,0927ea8c-f243-4c3e-933b-09e2a96c2f05,2019-04-25T15:50:09.998Z,495.328391298349
49,,Lake trail cont. B,bb349f69-780c-48ee-b862-956b937ba994,2019-04-25T15:50:10.404Z,356.616259429264
50,,Lake trail cont. C,d0ffa1e3-fba8-4b02-96b1-9819c7a02670,2019-04-25T15:50:10.512Z,873.276836046113
51,,Loop 1,1446c4a5-4f82-4a40-863e-bce408bfe371,2019-04-25T15:50:10.637Z,11500.940820997
52,,loop 1 cont.,54c859eb-e6c3-4971-a8c5-08e6446ad1c1,2019-04-25T15:50:10.794Z,1879.29832032303
53,Trail Mulch/Stone,Old beech nature trail,1cc9c13c-304c-42eb-815d-ab3eb2c06462,2019-04-25T15:50:10.918Z,2478.5250367949
54,Bridge/Boardwalk,,80605eb0-cd6b-4f58-9b05-c7b574f16818,2019-04-25T15:50:11.122Z,261.139939856427
55,Bridge/Boardwalk,,594500e0-42ae-4e39-b1c0-68694e0dab2e,2019-04-25T15:50:11.293Z,204.887346424899
56,Bridge/Boardwalk,,c443d297-81ea-4c34-898a-985c3a549d77,2019-04-25T15:50:11.450Z,7.4070866422969
57,Trail Singletrack,,d6cd2bab-d87c-4ac2-b1c2-121e383e3ea9,2019-04-25T15:50:11.622Z,9062.47247794823
58,Bridge/Boardwalk,,41d1d479-3636-4805-88cc-995a5202a432,2019-04-25T15:50:11.809Z,10.1444333602935
59,Bridge/Boardwalk,,2eec01b4-cf2d-400d-bbb2-5e74ed0869ae,2019-04-25T15:50:11.981Z,11.8995650742371
60,Bridge/Boardwalk,,74d9334a-bc8a-41e7-a016-1d530d7ec242,2019-04-25T15:50:12.200Z,8.55423961193222
61,Bridge/Boardwalk,,8766c1d9-959c-483a-937c-1be9488426a0,2019-04-25T15:50:12.559Z,13.4425819187578
62,Bridge/Boardwalk,,8d63decb-896a-49da-b917-360fb698efdb,2019-04-25T15:50:12.781Z,37.03323738025
63,Bridge/Boardwalk,,f839ed06-e905-4040-b36d-fcdd8641309f,2019-04-25T15:50:13.653Z,6.38722303739592
64,Bridge/Boardwalk,,abcb32e7-4619-479d-8682-d6b3bef3d216,2019-04-25T15:50:13.859Z,3.15890976201335
65,Trail Singletrack,,a3f2751b-5b3d-4100-bb79-30016c8ba517,2019-04-25T15:50:14.091Z,111.486429966989
66,Bridge/Boardwalk,,a19cc484-0ba7-4d2e-80a3-d7459c717455,2019-04-25T15:50:14.622Z,15.322428177798
67,Bridge/Boardwalk,,c84af18d-2f21-44e6-b055-1889e0dcf91b,2019-04-25T15:50:14.793Z,32.4288119603395
68,Bridge/Boardwalk,Bridge 8,54178ec8-2002-446d-922b-236fb00a2402,2019-04-25T15:50:15.028Z,51.8985895116437
69,Bridge/Boardwalk,Bridge 7,50e2bf96-d472-4d6f-83ab-4121c6deba5e,2019-04-25T15:50:15.576Z,10.9943228014457
70,Bridge/Boardwalk,,450beb1e-5924-4e61-ada7-b5871ec86a29,2019-04-25T15:50:15.919Z,152.708946742021
71,Bridge/Boardwalk,Bridge 5,a8dcd2f8-2b80-4311-8474-c3907fdfbb3e,2019-04-25T15:50:16.203Z,21.8441976192906
72,Bridge/Boardwalk,,29c2e5fa-8463-4a8d-afc5-0af0e3f7f8ea,2019-04-25T15:50:16.404Z,54.1070344557804
73,Bridge/Boardwalk,,d714a5f6-db61-4f45-933d-594f2ba9d558,2019-04-25T15:50:16.825Z,15.4781915082502
74,Bridge/Boardwalk,Bridge 3,09e42a6b-ad01-4968-8840-1be54a37ca6b,2019-04-25T15:50:17.231Z,111.951561663186
75,Bridge/Boardwalk,Bridge 2,da4c347a-0adf-46e6-994d-706b37f521fc,2019-04-25T15:50:17.512Z,53.8695212131511
76,Bridge/Boardwalk,Bridge 1,65dce163-fe5e-4b42-89d4-397cb570978b,2019-04-25T15:50:17.700Z,33.1888099835031
77,Trail Singletrack,Pump track ,524014ee-84b4-4fde-aa46-99322c1a9b30,2019-04-25T15:50:17.872Z,207.718319162758
78,Trail Singletrack,Jump lines ,f431c412-9feb-4667-a147-dfb8e5b56906,2019-04-25T15:50:18.092Z,619.987559103537
79,Trail Singletrack,Skills area,6c40bd2f-a422-4beb-960d-49dbd922326a,2019-04-25T15:50:18.403Z,741.06841175145
80,Trail Singletrack,,ac5c5117-296f-48d9-a2ae-b75bda568408,2019-04-25T15:50:18.575Z,179.876991101218
81,Road,Hog Run parking lot road,da1f6b71-fa06-4e8a-9024-23b8521547cd,2019-04-25T15:50:18.844Z,528.517046126072
82,Road,Park Office Road,ded71ce4-fced-4a0f-8f29-2a6b172a7399,2019-04-25T15:50:19.043Z,959.361235498463
83,Road,Main Park Road,7195366b-69df-4ce0-8bad-95e0343f4238,2019-04-25T15:50:19.200Z,5642.95799192785
84,Trail Paved,Picnic Area Path,b17babca-79f5-4c0a-9169-39c586445aed,2019-04-25T15:50:19.387Z,575.731626010853
85,Trail Paved,Fishing Pier ADA Ramp,f629b473-8c0d-4031-86cb-d42e52820f15,2019-04-25T15:50:19.559Z,82.2881390657638
86,Trail Singletrack,East section,d4580aa2-78c3-4243-8dc0-cdb2afa8fa57,2019-04-25T15:50:19.793Z,3571.93143318625
87,Trail Singletrack,Optional line,ed803602-9226-4f1a-86cc-aed0553a6f64,2019-04-25T15:50:19.981Z,559.795658917207
88,Trail Mulch/Stone,Double track connector,cddd0a12-4245-4000-b19a-fbc06c00c5c7,2019-04-25T15:50:20.231Z,1716.5545688593
89,Trail Singletrack,South Section ,a826edb9-2c30-406b-9836-4f4f62d03bba,2019-04-25T15:50:20.668Z,6783.10215747211
90,Trail Singletrack,North section ,09b49970-0e67-4709-b95d-127f23140249,2019-04-25T15:50:21.810Z,10625.6367864715
91,Trail Singletrack,Double Black Diamond lower line,828b7e6f-52b0-439b-b573-15daeae8aa95,2019-04-25T15:50:22.374Z,831.950417779505
92,Trail Singletrack,Double Black diamond middle line,07fe0d72-9911-4162-9063-7414199688df,2019-04-25T15:50:22.825Z,442.710786357755
93,Trail Singletrack,North section optional line ,e81bfd33-a217-480a-85fd-da341b89442b,2019-04-25T15:50:23.481Z,245.078324056894
94,Trail Singletrack,Upper gully ,400b450c-9ed8-4a49-9850-8be2c8b1397e,2019-04-25T15:50:24.512Z,165.201627244022
95,Trail Singletrack,Lower gully ,ba064a13-8cf0-49bf-aa57-81fc451e95e5,2019-04-25T15:50:24.967Z,170.510242882175
96,Trail Singletrack,Inner loop,a54d0ad4-3d42-4f8f-948f-0aff037b1239,2019-04-25T15:50:25.998Z,6912.1930676629
97,Trail Mulch/Stone,American Tobacco Trail ,b034884c-09c7-4496-aa6d-ac2774daca8c,2019-04-25T15:50:27.044Z,34536.1241654364
98,Trail Singletrack,Beginner Loop- One way only- Counterclockwise,8c1531ab-2852-4267-a9d1-afe858045494,2019-04-25T15:50:28.360Z,3891.58428159086
99,Trail Mulch/Stone,Double Track,a51f9535-5df3-49f9-9669-a9af8eac20cc,2019-04-25T15:50:28.918Z,343.974566510346
100,Trail Singletrack,Intermediate loop,a78a7907-0a1a-4241-8434-6984df746fba,2019-04-25T15:50:29.452Z,12846.0010831517
101,Trail Singletrack,West Section ,674a1b26-97c1-4c9d-ba08-48dac05760fe,2019-04-25T15:50:30.108Z,6800.22495539719
102,Trail Singletrack,Jump line,e2a9240e-fa62-457f-ae2a-b34b3dfb8964,2019-04-25T15:50:30.497Z,388.62310432834
103,Trail Singletrack,Steep whoop line,b9fa02f4-ac64-4915-8f3a-ede7d8bbb63e,2019-04-25T15:50:32.169Z,123.279076474442
104,Trail Singletrack,Connector to intermediate ,c6309a36-928f-46d9-9d2a-225a3f1cf832,2019-04-25T15:50:32.530Z,469.888260586182
105,Trail Singletrack,Skills area exit,2dfc9144-4cfe-41cd-b97c-3d12c92bc13c,2019-04-25T15:50:32.934Z,58.0266811507459
106,Trail Singletrack,Skills area outer path,90898738-c9c2-4c57-a4d3-de8d9f019dbd,2019-04-25T15:50:33.418Z,844.952858548953
107,Trail Singletrack,Inner line 1,c95196a9-be53-471a-99c0-98f025ef3ff8,2019-04-25T15:50:34.311Z,319.774563930604
108,Trail Singletrack,Inner line 2,2f1df5df-267d-4251-8527-bbbc42631d7f,2019-04-25T15:50:34.856Z,227.278028463943
109,Road,Day use park road,cc166f42-f565-4e92-b877-708b53b7438e,2019-04-25T15:50:35.156Z,1868.34675869859
110,Trail Paved,Cypress shelter to parking lot ,1658f0f2-62d3-4b4d-b66e-da669ee70e2a,2019-04-25T15:50:35.606Z,81.1835693371071
111,Trail Paved,Day use main path,ee5970c5-8c65-4819-85ca-fb01518b7ec6,2019-04-25T15:50:36.684Z,761.462211398973
112,Trail Mulch/Stone,Swim start access trail,f5019f0f-b0a6-4367-9ae2-ced1739a8329,2019-04-25T15:50:37.247Z,429.401170694503
113,Trail Paved,,b1098847-c1c2-4aa5-8c01-c51057e9e83e,2019-04-25T15:50:37.918Z,16.0310858668217
114,Trail Paved,Loblolly to parking lot connector ,2b261e21-33b8-48cf-b3c2-4603f8414479,2019-04-25T15:50:38.857Z,68.0092367744896
115,Trail Paved,Loblolly to restroom,bf8db69b-bb7c-456c-9ad2-2b261568b5bb,2019-04-25T15:50:40.421Z,120.436339880197
116,Trail Paved,Longleaf to restroom connector ,5dcf1741-190b-417b-a2b3-68465a9d39b8,2019-04-25T15:50:40.892Z,150.326558530788
117,Trail Paved,Longleaf to parking lot connector ,8b1e6df8-8aa7-4653-a312-8053bee7b3e7,2019-04-25T15:50:41.841Z,106.638383251435
118,Trail Paved,,5d7b5a96-3a14-40d1-9e53-dd87b0481c95,2019-04-25T15:50:42.531Z,79.7700573902127
119,Trail Paved,,e95d080e-9032-4dac-b5df-7cb83222597e,2019-04-25T15:50:43.296Z,18.9279979214832
120,Trail Paved,Connector ,fa179182-3f6b-4796-be21-2d8615aae43c,2019-04-25T15:50:43.735Z,95.5398426616375
121,Trail Paved,Connector ,d23e1e6b-6f6b-4f79-beb6-62c107e401cc,2019-04-25T15:50:44.497Z,281.601834830246
122,OnCell Tour,Cypress trail,4c338635-4e3d-41a8-9000-c98c69e97fc7,2019-04-25T15:50:45.718Z,778.266147511327
123,Trail Mulch/Stone,Amphitheater ,bcf962aa-f093-47ae-8f9c-25ab0e8d12e0,2019-04-25T15:50:46.268Z,130.202672786953
124,Trail Singletrack,Peninsula Trail,b49c0655-5f87-46a7-afda-bdedd461db9e,2019-04-25T15:50:47.559Z,7976.92090452324
125,Road,,c681c32c-2a5a-4a8a-9fff-822cccb5c70a,2019-04-25T15:50:47.794Z,427.237121355447
126,Trail Singletrack,Peninsula Trail (main),20ebb9e4-bb74-4cbc-b87b-04a5d703799e,2019-04-25T15:50:48.059Z,16571.0483306626
127,Trail Singletrack,Peninsula trail ,241a5327-7c3f-4245-a261-2366150c428c,2019-04-25T15:50:48.309Z,211.574065804311
128,Trail Singletrack,Peninsula trail ,eb8213d3-41cf-465a-af9f-e5903e4284e3,2019-04-25T15:50:48.530Z,930.482770498547
129,Trail Singletrack,History trail ,264d1f87-caf9-4467-b476-8bf1b13a86e0,2019-04-25T15:50:48.794Z,1640.43072069023
130,Trail Mulch/Stone,Sandy Point (blue),d1bbd0ea-7aea-46e0-add1-57fd5c3c236c,2019-04-25T15:50:49.028Z,981.536541553629
131,Trail Mulch/Stone,Laurel Loop (yellow),50ee1099-df04-422e-a04d-0ef6bf924879,2019-04-25T15:50:49.184Z,1360.29026908003
132,Trail Mulch/Stone,Laurel Loop extension to lake overlook,1e05082d-abed-43ba-87a3-ad779a11f427,2019-04-25T15:50:49.356Z,259.857276950592
133,Trail Mulch/Stone,Blue Jay Point  (blue),f236dcaf-7bf6-4d8a-93a2-8cdbe9063d29,2019-04-25T15:50:49.606Z,1499.02540071002
134,Trail Mulch/Stone,Beaver Point trail (blue),14e800fc-dfa3-452c-9ed6-9cd67c9c2636,2019-04-25T15:50:49.794Z,1761.96185405755
135,Trail Mulch/Stone,Azalea Loop (yellow),0f7df88d-b2f3-4b07-9fb1-323f116ed044,2019-04-25T15:50:50.076Z,2028.19136083256
136,Trail Mulch/Stone,Connector to Sparkleberry,cff9bd2d-39b9-49c8-a077-4de545e8a7a0,2019-04-25T15:50:50.293Z,166.4272234882
137,Trail Mulch/Stone,Sparkleberry Loop (yellow),88be9bcf-ce07-43fc-8ed5-8d245cb2e497,2019-04-25T15:50:50.528Z,1124.84814095468
138,Trail Mulch/Stone,,09daad08-d3cc-434d-96bf-6af53316dff6,2019-04-25T15:50:50.840Z,195.992216996963
139,Trail Mulch/Stone,,deffb02c-48da-4987-9f84-cc47963c8011,2019-04-25T15:50:51.153Z,580.279901731451
140,Bridge/Boardwalk,Pond boardwalk,cdf0d5c2-cc74-48d0-8b36-278782a89278,2019-04-25T15:50:51.340Z,446.655390648648
141,Bridge/Boardwalk,Wetlands Boardwalk,4ff4663f-69cc-4c40-a0d4-a1f49f441f17,2019-04-25T15:50:51.954Z,417.710314401013
142,Road,Park entrance drive,b87facc1-db51-49f7-b783-d233802497fd,2019-04-25T15:50:52.390Z,1471.33896097772
143,Bridge/Boardwalk,,73d0f75b-d1c1-4b18-aee3-699f074ff01c,2019-04-25T15:50:52.653Z,30.6928774237103
144,Trail Paved,,c80917a9-c376-437a-b865-39f5df66866f,2019-04-25T15:50:52.887Z,1412.26960883399
145,Trail Mulch/Stone,To Laurel Loop,0e0a22e4-061b-41b9-849c-953cbeff222f,2019-04-25T15:50:53.044Z,182.690121042982
146,Trail Paved,,d178aa9d-4674-4e7e-99fd-a867ad04b030,2019-04-25T15:50:53.455Z,161.276108140513
147,Trail Paved,,23baf41f-e45a-426b-b2dc-43aa1e941f07,2019-04-25T15:50:53.763Z,733.178994855425
148,Trail Paved,,bc67bf6c-3eca-4491-933e-dbb1a7f1562e,2019-04-25T15:50:54.126Z,40.4484290752663
149,Trail Mulch/Stone,,b8d3fd78-225c-4e0c-91c8-dd66d4ae5f53,2019-04-25T15:50:54.481Z,464.022484244285
150,Trail Paved,Trail through pond area,16c3b9e3-3fce-4229-ba9f-144d0bae5552,2019-04-25T15:50:54.841Z,466.007926525437
151,Trail Mulch/Stone,Mulch,627d7ca0-f581-4c99-9364-027a9a6084fd,2019-04-25T15:50:55.280Z,2351.42359747454
152,Trail Mulch/Stone,,062a18de-3a0c-4429-b78a-c8607ff12594,2019-04-25T15:50:55.485Z,106.876144769726
153,Trail Mulch/Stone,Mulch,57b2ebe2-0c08-4b46-8402-13748b827c1e,2019-04-25T15:50:55.888Z,305.460925809669
154,Trail Mulch/Stone,Millpond trail to second walkway,89fe6e33-e5f7-4007-927c-62f7e2ed0e4d,2019-04-25T15:50:56.528Z,364.57654312337
155,Trail Singletrack,High ridge trail,4905b0b5-e625-456a-bb96-02fff8cf3be7,2019-04-25T15:50:56.887Z,3813.42846816045
156,Trail Singletrack,creekside trail,cfb35a77-5977-4090-bdfb-9bd314ed80f9,2019-04-25T15:50:57.075Z,5389.84559022141
157,Trail Singletrack,,4f3f9e08-191c-446d-95f8-887febfffb50,2019-04-25T15:50:57.372Z,787.868563294549
158,Trail Singletrack,,43c7a7b5-2fb7-4be3-9c26-10333c3cc541,2019-04-25T15:50:57.747Z,203.681073296445
159,Trail Singletrack,,5eb32be9-e4f3-435f-bdf5-0e0b9b6bd275,2019-04-25T15:50:57.966Z,1116.91330131222
160,Trail Singletrack,,9877c5fc-cb79-4dc2-9845-82c3302d3e67,2019-04-25T15:50:58.090Z,1707.12524534425
161,Trail Singletrack,New reroute,270e93f0-5f16-4407-b848-d54adbd48658,2019-04-25T15:50:58.200Z,487.034024797996
162,Bridge/Boardwalk,Low water bridge belowill dam,672d4792-e661-460b-8b38-b21fd7b2311d,2019-04-25T15:50:58.357Z,49.8347199072984
163,Road,Pleasant Union Church Rd,0d46a7b3-ff3d-4481-a81f-0c05f97a0b88,2019-04-25T15:50:58.654Z,624.809524580806
164,Road,Main park road,bde15336-d604-4df2-ac33-f11287212b7e,2019-04-25T15:50:58.832Z,1865.56716985078
165,Road,Lodge road,4d8c0ba5-7fb6-4e18-9024-ad73b67bc34e,2019-04-25T15:50:58.973Z,1290.77217359391
166,Road,Loop to center lot,2cc8ef4d-c38d-496c-ba67-b6d5f48e774f,2019-04-25T15:50:59.115Z,348.14469083559
167,Trail Paved,,5f8e6bce-525b-474c-b527-166cb69db6b4,2019-04-25T15:50:59.302Z,73.5458689430097
168,Road,,779bd271-992a-40b3-b375-01106e135cdb,2019-04-25T15:50:59.460Z,82.8472594526853
169,Trail Paved,Sidewalk from lodge to Sandy Point,c40178d0-e609-47b5-80c3-0d766a52c279,2019-04-25T15:50:59.630Z,281.106918861383
170,Trail Mulch/Stone,,4a233886-98b1-4507-b7ff-15dfff2156fb,2019-04-25T15:50:59.771Z,119.317393248404
171,Trail Paved,,3689a955-84ac-4295-96df-f962d3aafd32,2019-04-25T15:50:59.913Z,48.6943926920575
172,Trail Paved,Center parking to garden loop,2cc098db-f1fb-4ea6-b4c6-acc865c31fa8,2019-04-25T15:51:00.038Z,539.915435595262
173,Trail Singletrack,FLT (white),2ecc52b9-5ef5-4afe-8a2d-b6de12e3d5e8,2019-04-25T15:51:00.380Z,16661.5304076009
174,,PG lot to FLT connector (red),0a7ee57b-8d7d-4cc1-bb01-1f58fe4ed217,2019-04-25T15:51:00.568Z,148.056078237195
175,Trail Singletrack,Connector (red),6a925426-3028-4ccf-84f6-acc6043e305c,2019-04-25T15:51:00.789Z,475.328067924688
176,Trail Singletrack,Connector to sparkleberry (red),0e3a29dd-4dea-49b0-9663-8ed08c6b96c8,2019-04-25T15:51:00.990Z,384.327595834325
177,Trail Paved,,27ddb527-1872-4f23-a7d4-1585c73edc84,2019-04-25T15:51:01.193Z,3037.10496736909
178,Trail Mulch/Stone,,6d7ea314-73eb-4048-9f12-7f48d1e7cb52,2019-04-25T15:51:01.522Z,85.1831999905089
179,Bridge/Boardwalk,,1b31faa9-5f47-44cd-8d2a-518c90db1a77,2019-04-25T15:51:01.693Z,28.6978478096236
180,Trail Mulch/Stone,,d5620866-c2f9-4c94-b70e-fc0aa8c2a7cc,2019-04-25T15:51:01.834Z,102.760543156333
181,Trail Paved,To Robin shelter,8250591b-94a8-4234-a6ad-498ac744591d,2019-04-25T15:51:02.101Z,137.192283995111
182,Trail Paved,,7e866b4f-c14e-42f3-9bc7-c34c3b940476,2019-04-25T15:51:02.474Z,24.6113739348429
183,Bridge/Boardwalk,,c4af2653-4fab-478a-84f4-dfb2fe4d0614,2019-04-25T15:51:02.693Z,194.62008556248
184,Trail Paved,Fork from paved trail to parking lot,2596b9ed-0dcb-4096-aa69-09f41b225788,2019-04-25T15:51:02.865Z,263.72382800598
185,Trail Paved,,7fd90a9f-482b-4169-8741-87804f597b61,2019-04-25T15:51:03.021Z,729.052725082391
186,Trail Paved,,3247ed0c-a702-498e-aa4a-c7bc046ea472,2019-04-25T15:51:03.193Z,1262.80602012008
187,Road,Park Rd.,5649f1e2-dc3b-4a47-b750-efa22150b025,2019-04-25T15:51:03.318Z,2098.0445621048
188,Road,,79d20591-d6d9-4af2-88d5-92a259d9baba,2019-04-25T15:51:03.458Z,591.086665416771
189,Trail Paved,,3b7dfa34-990d-41b0-8994-24a6b19b3470,2019-04-25T15:51:03.583Z,4649.94715720971
190,Trail Paved,,516648f6-7eab-42f8-a396-04ea6e2ee9e2,2019-04-25T15:51:03.864Z,211.824578638808
191,Trail Mulch/Stone,,1c5baa29-9c95-45de-8842-a55836193aff,2019-04-25T15:51:04.104Z,298.301680516648
192,Trail Mulch/Stone,Top of the hill trail,4f6381b8-5125-42d9-8ea0-24180f459d1c,2019-04-25T15:51:04.349Z,2149.88940671486
193,Road,Green Hills Loop,2f3416e7-20c4-4074-84ac-929c3ab8bd0d,2019-04-25T15:51:04.490Z,7349.92861453448
194,Trail Paved,Greenway connector at school gate,0d9ba569-95a0-4f2c-a297-14b79a29a584,2019-04-25T15:51:04.646Z,343.773756414216
195,Trail Paved,Greenway connector (gate 1),2070740b-2f8c-4148-b2eb-70743f8d240a,2019-04-25T15:51:04.818Z,165.40587071364
196,Trail Paved,Greenway connector (gate 4),ea78c49d-2e64-4efc-8b6e-ff7591f47933,2019-04-25T15:51:04.959Z,85.8623880428179
197,Trail Paved,,4160f209-6a84-48bf-94dc-b0b779193e42,2019-04-25T15:51:05.068Z,822.103287959617
198,Trail Paved,,a6e54e95-ba97-41b0-9cdd-344d2ba1ee6e,2019-04-25T15:51:05.211Z,245.982922011318
199,Trail Paved,,026cfebd-743b-48b9-999c-598f4fb86e6d,2019-04-25T15:51:05.318Z,307.032366510381
200,Trail Paved,,12205074-4a6f-4876-8011-a22e8f41d627,2019-04-25T15:51:05.505Z,194.983407675359
201,Trail Paved,,40009789-7111-4d9a-a23a-2c6d72fb6b96,2019-04-25T15:51:05.677Z,323.883450077835
202,Trail Paved,,09860aa6-3015-491c-a26e-d32f7e04f807,2019-04-25T15:51:05.849Z,21.6369144092036
203,Trail Paved,,dcf3e649-fbfe-44aa-821b-2b4676b792b9,2019-04-25T15:51:05.990Z,139.458958063699
204,Trail Paved,,9024d5eb-e0a1-47b2-bf40-e6a91ba54ff0,2019-04-25T15:51:06.130Z,114.710931389256
205,Trail Paved,Abbott creek greenway (City of Raleigh),d2bdd274-3295-47cb-b9bd-8811668a408a,2019-04-25T15:51:06.287Z,2778.17330908432
206,Trail Mulch/Stone,Go Ape,250f352e-50fe-4429-8bc3-5b791f89a648,2019-04-25T15:51:06.443Z,101.173304305492
207,,Go Ape trail,3330f43c-fbde-41ef-a4f2-85da8234c52b,2019-04-25T15:51:06.583Z,160.515027252249
208,,Go Ape trail,bc1febdf-7460-42dd-aaef-e555baef9e06,2019-04-25T15:51:06.710Z,1143.34423227789
209,,Go ape Zip 3-4 ,34f484cc-4944-4778-bad1-6a880c75db8b,2019-04-25T15:51:07.115Z,224.305622454032
210,,MST connector,b51fb01a-4c6c-4ccd-a405-1911b72e6d79,2019-04-25T15:51:07.365Z,115.207928209704
211,,Go Ape trail,6c537ec5-c3d4-400e-ba51-6dd90c55fea8,2019-04-25T15:51:07.555Z,57.6616061536834
212,,Go Ape zip,baa9ceae-532d-45c6-831d-b980ddeec9b5,2019-04-25T15:51:07.677Z,312.54695054682
213,,Go Ape - trail -Tree top jr,59a5502a-80f4-49d7-bd77-03b2884dc873,2019-04-25T15:51:07.851Z,263.931519650232
214,,Go Ape trail,d46887c7-4d50-43f7-8d2c-9d6f8502008a,2019-04-25T15:51:08.208Z,20.2737643132498
215,,Go Ape Zip,85ea0109-cef2-404e-8456-24de1a733396,2019-04-25T15:51:08.380Z,455.544437400479
216,,Go Ape trail to parking lot,d5db8996-215d-43a1-afad-48735aab387e,2019-04-25T15:51:08.537Z,93.7082625975322
217,,Go Ape zip 4-5,0f6e05ec-dd26-4d86-b8f7-6bf8d8ab5880,2019-04-25T15:51:08.677Z,269.211542952704
218,,Go Ape trail,8a7a10fb-cb37-474f-8cdb-6ddd19ce2443,2019-04-25T15:51:08.802Z,616.453410851703
219,,Go Ape Zip,3ce34a2d-fc74-4547-aae5-8a143ba00fd8,2019-04-25T15:51:08.958Z,154.08298409345
220,,Go Ape trail,5e21ac60-bfe8-4638-ae84-e0a51c43cc20,2019-04-25T15:51:09.115Z,219.064028154638
221,Trail Paved,Concrete walkway from lot to Cardinal shelter,4dfa290c-5d62-488d-9bf5-122d7b517e5b,2019-04-25T15:51:09.255Z,197.459718351553
222,Trail Paved,Concrete walkway from Cardinal shelter,f0b38583-af87-4c11-aa44-f8544c9ed7b2,2019-04-25T15:51:09.381Z,411.048626034076
223,Trail Paved,From parking lot to restroom and platground,eee74448-fad2-4d90-9854-16089dc7418b,2019-04-25T15:51:09.587Z,112.685703359594
224,Trail Paved,From parking lot to playhround,40b85c08-2669-44b0-8fe8-1878759ae688,2019-04-25T15:51:09.787Z,110.410866893803
225,Trail Paved,Concrete walkway from paved trail to lot,22f0b79c-a0a5-49b3-8ad8-46bed2708de0,2019-04-25T15:51:09.896Z,368.072419394156
226,Trail Paved,"Concrete, from lot to paved trail",82405ae4-e2ed-4c0d-b9f1-898797496bfe,2019-04-25T15:51:10.009Z,42.485783085431
227,Trail Mulch/Stone,From lot to blue bird picnic area,df3a035a-1d22-4ab1-92e6-272132d1a4c4,2019-04-25T15:51:10.150Z,68.4141752810359
228,Trail Paved,"Concrete, to water fountain from lot",21241c96-39ab-4723-b02a-18ec350a9345,2019-04-25T15:51:10.365Z,20.7602334286628
229,Trail Paved,Concrete path to shelter,0880c258-6987-4819-821a-d7a216a226fc,2019-04-25T15:51:10.568Z,77.4557670469114
230,Trail Paved,Concrete from lot to restrooms&playground,7245763e-0fed-4fa4-8835-3e295d7ec778,2019-04-25T15:51:10.724Z,348.72316874512
231,Trail Paved,Concrete path to paved trail,d74c7999-05d4-4e05-8db1-b75762b87b8a,2019-04-25T15:51:10.865Z,16.4775705226247
232,Trail Paved,Concrete path along parking lot,374a3b89-db4d-4d42-803a-06f438b28d87,2019-04-25T15:51:11.007Z,22.2262088232562
233,Trail Paved,Concrete path along parking lot,d71dd028-e67c-45c8-b673-f971c78d061e,2019-04-25T15:51:11.131Z,269.921286169528
234,Trail Paved,Concrete to restrooms and paved trail,d6012224-2fee-41e1-899a-c957d4e0f75a,2019-04-25T15:51:11.256Z,178.345607466528
235,Trail Paved,Concrete path,dfdafa44-6106-4b49-a163-05e2381b6c33,2019-04-25T15:51:11.412Z,50.0136252840391
236,Trail Paved,Concrete path,f852de35-a494-4e11-ab30-b3aa3a5244e7,2019-04-25T15:51:11.615Z,22.3781197180258
237,Trail Mulch/Stone,Cooper's hawk trail,5fe02632-4034-4e79-a093-3c193928f6c6,2019-04-25T15:51:11.756Z,326.282244442104
238,Bridge/Boardwalk,,8781bbd5-2535-49ca-a28c-1d3ef07e3574,2019-04-25T15:51:11.896Z,42.193041579469
239,Trail Mulch/Stone,Cooper's hawk trail,925f585a-b036-4fd9-ae27-1568ef1ce9a0,2019-04-25T15:51:12.053Z,591.505195324758
240,Trail Mulch/Stone,Offshoot to Amphitheatre from Coopers hawk Trail,4c977086-9b4b-4fef-98ad-3c2232dd5dd2,2019-04-25T15:51:12.459Z,31.4168637467471
241,Trail Paved,Concrete Walkway from PArking Lot to office building,73a8a89a-00f9-4b6b-9b16-a5ae08fc41a2,2019-04-25T15:51:12.584Z,178.483458259472
242,Trail Paved,Concrete Path to restrooms,f2457499-4db7-486e-8784-99e9c6cd5475,2019-04-25T15:51:12.725Z,126.302049685209
243,Bridge/Boardwalk,Back Porch Boardwalk to Observation dock,9df7cfe0-0daf-4176-a92a-abc0632af9f7,2019-04-25T15:51:12.819Z,336.876285386091
244,Trail Paved,,67168495-bf95-42c5-8bb9-06692f1965f4,2019-05-20T20:21:18.767Z,70.7784367163465
245,Trail Paved,,33c7fa06-736e-45c9-99ab-6adfb810fcfc,2019-05-20T20:16:30.070Z,67.1585051342292
246,Trail Mulch/Stone,Boulder Trail (gravel),28c753af-0425-433f-92c5-c2de63114de1,2019-05-20T13:52:36.252Z,2898.52754500838
247,Bridge/Boardwalk,,abae1cf3-eca4-4930-92db-4b40711746e3,2019-05-20T13:54:23.101Z,305.847244899666
248,Bridge/Boardwalk,,cfb24647-77b9-4538-a29c-e1661988a431,2019-05-20T13:58:54.445Z,9.0339881058453
249,Trail Mulch/Stone,,f7774639-f8b7-4854-ba6d-aa5fe0453566,2019-05-20T13:59:54.903Z,67.7985544282993
250,Trail Social,,765a1bec-b093-4272-aed9-fbf697380543,2019-05-20T14:03:42.538Z,330.607068998432
251,Trail Social,,a7e52b2f-08f8-41ff-b421-b8d5f460d959,2019-05-20T14:05:08.683Z,45.1622855766942
252,Bridge/Boardwalk,,0eadcc64-c10a-4e7c-b0e1-85ee8a00aa68,2019-05-20T14:10:18.815Z,41.3699515110488
253,Trail Mulch/Stone,Lupine Loop,833c9f1f-ceef-41b3-a912-79c76e189afa,2019-05-20T14:27:42.428Z,2328.24857439442
254,Bridge/Boardwalk,,36e01670-5fcc-4f71-a108-f55228493542,2019-05-20T14:28:17.368Z,14.8075987781713
255,Trail Mulch/Stone,,a4525250-8f2f-4c13-b3a1-982cdbadd173,2019-05-20T14:46:12.606Z,354.86634154936
256,Road,,8f346358-88c4-4e51-b605-0dd957477b5b,2019-05-20T15:00:46.253Z,315.144797817219
257,Road,,189d2fca-4c25-48b7-a93c-e2d45358b9f5,2019-05-20T15:08:13.095Z,4711.84131097204
258,Other,Crosswalk ,26c7eb13-e865-4fc5-ac1a-01bb54c1552c,2019-05-20T15:13:41.023Z,34.4346130924898
259,Trail Mulch/Stone,Meadow,9db9451b-f8dd-4d47-8205-6f223a81909d,2019-05-20T19:03:09.664Z,3268.5543094961
260,Trail Mulch/Stone,Gin branch creek,77297446-f02b-41f0-a6a0-2a7dcdf937d5,2019-05-20T19:07:35.680Z,902.497834336316
261,Trail Singletrack,Kayak trail,97eb95e2-afee-45ff-8d3d-7cd10a9cba98,2019-05-22T16:42:39.065Z,8175.52429998783
262,Bridge, ,736b0eb8-5c40-4627-8b0d-d8d502c5d3a9,,92.9169788700706
263,Bridge, ,c900142b-1084-42b8-a0e4-fc2a88d6e5c3,,142.250193579762
264,Gate,Highway 70 Entrance Gate,41c56865-1d4e-4b5d-a0de-115df94e2bfd,,28.3872948997838
265,Gate,Graylyn Rd Gate,9f86a262-1a7d-4674-969c-75aa91652b3b,,34.3289498429304
266,Gate,Sendero Gate,29d509e3-fa0a-4b1a-958d-e091b71a0a9d,,30.6309569304843
267,Gate,Trenton Rd Gate,adff3dd4-d751-4cc6-b9cf-3a930b749aa4,,27.8279381315262
268,Gate,Harrison Ave Gate,7c3b4aa2-6a8d-4dff-bb7c-89d60ac11f91,,35.8183458062218
269,Gate,Old Reedy Creek Rd Gate,c98b1690-afae-4182-8824-adf60862b8ab,,16.2679968571449
270,Gate,Ebenezer Ch Rd Brdg Gate,99b88307-b3c3-47f6-b00e-bef1f3963169,,15.01911661145
271,Gate,Midgate,560bf1cc-21d3-4204-bfc2-10c5a9b3e485,,35.251939636432
272,Bridge, ,a01a66df-4556-4932-a545-02f165d9c160,,209.22229516055
273,Road - Paved, ,ff8a9140-34c6-4503-bd40-b6835a762dbd,,1145.97037041189
274,Road - Paved, ,0ea61094-7cd2-41e6-bd77-d2f92529aa12,,107.447108721076
275,Road - Paved, ,28a9d22b-fcc1-4ce3-b8e4-a41d13d8d86b,,1933.23042919687
276,Road - Paved, ,390c2b51-d184-425f-83fa-63902b95e6b3,,1027.21343214769
277,Road - Paved, ,d48e7c9c-dded-499a-a232-a61cd84894d1,,863.184183329988
278,Road - Paved, ,54ac52b0-b578-4805-b3bc-31c02111c622,,3531.57482384981
279,Road - Paved, ,e56904ad-1234-4d2e-8147-f1806a3799d6,,604.542659041222
280,Road - Paved, ,9940d3ea-f1b2-48b1-adf4-b37c67f3312e,,757.43782932221
281,Road - Paved, ,fc2c546d-709e-430d-a29e-f229df920888,,80.144191495199
282,Road - Paved, ,b5b21d0d-9e10-42e7-b3d7-74a06b26d83e,,153.998241152759
283,Road - Paved, ,90292d16-5a87-475c-8320-5e537404a7ad,,37.2746443955386
284,Road - Paved, ,57f55e11-99d4-4609-b969-ab90c76c11af,,76.605506530488
285,Road - Paved, ,e91c847e-cdbc-4c22-9909-49a8feeee89a,,629.645058346112
286,Road - Paved, ,ed8672e1-773d-4303-bde4-defd0bcf5d26,,1187.8711398969
287,Road - Paved, ,09ee7eec-8290-4031-aecc-ac5a5500feeb,,418.924822323737
288,Road - Paved, ,81ef8e99-54e3-4bd9-b30e-00d51d52dd71,,334.057323826749
289,Road - Paved, ,a9fc2ba5-78dc-422d-9e18-36fde68c6e25,,606.110853447172
290,Road - Unpaved, ,173132d7-f1ea-4662-8cd1-e63768c44482,,198.182515697779
291,Road - Unpaved, ,dcd63826-f0f0-4027-b426-a001441ac54e,,1558.19449658266
292,Road - Unpaved, ,64b90c01-5dc0-40e5-a51d-894007bc5ccb,,3522.98899178497
293,Road - Unpaved, ,5a7a6145-53c8-414e-a74b-b6d026422e46,,1206.53996911981
294,Road - Unpaved, ,ad85714a-00a3-4eef-96ac-85b239c7bf03,,1548.77951545941
295,Road - Unpaved, ,a28b03c7-1d0e-49f5-847b-750fc7df59bf,,453.785968940342
296,Road - Unpaved, ,8f4d433e-be82-4dd8-8200-9b71a2d4134e,,336.532296706367
297,Road - Unpaved, ,7bcc0478-4bfd-4830-b827-14e78845700c,,287.888590916858
298,Road - Unpaved, ,81302c6c-030f-405b-88ac-1f82ff0b1601,,1176.23080187817
299,Road - Unpaved, ,d3e0f5c1-4044-4465-a975-2aa127cf59cd,,52.2751864425757
300,Road - Unpaved, ,307211c1-7814-4aa3-b903-540afd12b028,,3250.21344108504
301,Road - Unpaved, ,357e8fbf-bb69-44d0-b08e-b4871c364453,,809.423194228523
302,Road - Unpaved, ,8a90ebff-5fbe-40b9-b018-1507193d3d42,,81.0445575223155
303,Road - Unpaved, ,e87a9aa8-1e05-4c23-989c-e09b72e1ef83,,2280.62343554272
304,Road - Unpaved, ,090e3bff-21d5-4f54-9937-a2606eac3744,,597.997369302021
305,Road - Unpaved, ,9db91fd1-0082-44d1-9a26-3267048ea3be,,209.491597216307
306,Road - Unpaved, ,35fc9c85-2124-4b05-a2a2-9a66573dc45f,,430.257364627696
307,Road - Unpaved, ,b6545443-432b-44fd-85fe-593b328a95d1,,67.6974285309406
308,Road - Unpaved, ,ab2b25a9-fadd-4c2a-a80c-df0eace2517b,,919.218745625455
309,Road - Unpaved, ,7db09da9-41ef-428b-80ba-96dfbd02c705,,469.281979923064
310,Road - Unpaved, ,080d2359-26f9-4d2f-b4b6-60c88f214d02,,73.4005464248837
311,Road - Unpaved, ,388708ef-8c03-4055-88a2-63e0671a7f23,,105.473053041819
312,Road - Unpaved, ,42168a13-09bd-4ba4-87bb-c4d405102a26,,781.226194013901
313,Road - Unpaved, ,246eb493-1cbd-4311-ab1f-b69a51902133,,316.726608357557
314,Road - Unpaved, ,71de992a-223b-4961-9310-4e177ab84be2,,542.779102064669
315,Road - Unpaved, ,370843d3-9017-437d-b693-4b36771d0ac5,,429.925023766611
316,Road - Unpaved, ,7e3d0eaf-ac0e-4c56-9b63-ab80544d5798,,246.977452982394
317,Road - Unpaved, ,528b3f35-9644-4400-87a2-6549cc4c4edd,,81.6935683883829
318,Road - Unpaved, ,c8748d25-265c-42b3-9d4a-162e14878eb2,,252.474010119785
319,Road - Unpaved, ,bc96cc05-5983-47af-99e7-2d4279567766,,256.892610760391
320,Road - Unpaved, ,650ba857-487b-45e5-bd73-ac25f6833bd4,,1351.90947166331
321,Road - Unpaved, ,d29eae5f-41a0-4932-86a5-9c9bf64d5ef3,,330.01910548726
322,Road - Unpaved, ,d4c19b8c-64e9-4f90-bf01-1e277a875ace,,11.7180936910976
323,Road - Paved, ,2b081391-a4c7-44b0-8af5-ab127f380674,,509.452660766062
324,Road - Paved, ,f8a48b6d-a9c3-4eae-beed-8ef6163b9442,,301.030072569791
325,Road - Paved, ,a8a49ebb-abf6-41b9-b8a2-aa52f8e33eb9,,1708.84486301709
326,Road - Paved, ,d218bdbb-6992-4828-ac5d-292b89b7d2cc,,348.953364421113
327,Road - Paved, ,a8357ceb-0cf2-49bf-9060-7db94d69d714,,904.261856118955
328,Road - Unpaved, ,869848f5-ffb9-4835-b008-3dba7677de4d,,247.137749227869
329,Road - Unpaved, ,38bbd1e9-ea62-4ed1-9e70-da0aa8243078,,2282.06763864939
330,Road - Unpaved, ,5ed26c9a-536d-4be1-80c5-b2f854b1381d,,218.295990004633
331,Road - Unpaved, ,64021af1-e759-40c7-ba9c-8938909e5457,,2821.96284052742
332,Road - Paved, ,08bc2e6e-8ccc-41f9-8a9d-64f7ed1b8d24,,220.174361422319
333,Bridge,on Sycamore Trail,29400ea6-54b3-4844-a90f-b7b17976dbdf,,16.7809290151402
334,Bridge,on Sycamore Trail,ed6ab9ed-c482-42c8-9a10-c120c556c391,,17.0787058478656
335,Bridge,on Sycamore Trail,a450482a-1855-4481-bb5e-906adcaa9d8c,,12.8170562905074
336,Road - Unpaved, ,d2bc3fa0-0beb-4a44-886b-4d95b826825b,,416.308261504898
337,Road - Paved, ,62279b23-98ba-4d7a-8d30-db906e385e8d,,375.779190909481
338,Fence, ,0a73d1a5-a320-4702-84ed-af4d17dd42ad,,99.3531292155111
339,Fence, ,631abc73-e3b1-42ad-b192-321fea78049d,,11.4991179030785
340,Gate, ,58a4a29b-c953-4d44-b372-d0393e886b5d,,28.1077664715642
341,Fence, ,6fd8bbbf-ce20-4ee8-a095-9428ce26adb1,,345.065926613568
342,Road - Unpaved, ,cfc0fe13-2f0f-4f4b-bc23-06ccb91c8e83,,37.2583908245049
343,Gate, ,2049df90-2bb2-4947-a415-f1b061a85baa,,15.9930117597564
344,Footpath,Paved Path,5d27a915-99f5-40cb-aac0-09936d7c35d7,,753.570327095105
345,Footpath,Paved Path,807a23ca-9cd7-46c3-ae12-97d2a37ad907,,164.138794610305
346,Footpath,Paved Path,a86e05b1-dbde-4027-a696-6ceafff1baf6,,88.9240595531131
347,Footpath,Paved Path,4987f301-b180-47d8-8e10-daddbdf29a8d,,503.525486288422
348,Footpath,Paved Path,c5f6db74-b5de-4d70-b03b-e25dcec6d0be,,329.674987096835
349,Footpath,Paved Path,72c65a07-7bb5-44eb-9486-cd5c27f26f8b,,339.975623599658
350,Bridge,Steel Bridge,2eca8210-0580-4b28-a020-8c1905df1b8e,,60.193600010522
351,Footpath,Paved Path,e6882b00-fcd8-4b78-b3e9-ac90b6ed55ba,,327.21962129374
352,Footpath,Paved Path,f81779d1-8e1e-4990-afe9-0f6ff14d1cc0,,304.45673344835
353,Bridge,Wood Bridge,f9940620-50b8-4373-bf83-7546cd953091,,30.7776190718455
354,Trail,N. Turkey Creek Trail,7cca885c-95d4-4a66-a7a1-0ceeb33dfd46,,13698.9265153505
355,Trail,Graylyn Trail,26bf8f3b-c323-4c77-b39f-7a533afa4ab7,,3492.23462457683
356,Trail,Reedy Creek Trail,496acb0c-6788-4fa0-8143-e214d994b0d5,,2704.31677480316
357,Trail,Reedy Creek Trail,d8627df3-8525-4575-b820-139507751ff2,,1467.37749017926
358,Trail,Reedy Creek Trail,8f0f02b4-e767-451d-a097-65a13dac25e5,,2259.43411025153
359,Trail,Reedy Creek Lake Trail,18823ed6-5e22-4fc3-aeec-57cd36c44e79,,2980.00866347295
360,Trail,S. Turkey Creek Trail,fe8d7779-00b5-43c5-8f9d-6efb4f90fece,,2584.4440757505
361,Trail,Reedy Creek Trail,02c7c53a-da97-4783-881f-3c2ac00bcf17,,785.646137193878
362,Trail,Reedy Creek Trail,aefd7dbe-e8ab-4407-8660-46330ed1caf5,,448.658329279939
363,Trail,Reedy Creek Trail,1552f539-77be-4e3c-8583-da60d610de24,,1167.33980609459
364,Trail,Cedar Ridge Trail,5a36a776-00ea-4273-971b-bbdf457c191b,,8016.13503665914
365,Trail,Reedy Creek Trail,c035f753-fd6f-4432-b7e9-5448fc0fcd16,,3716.17405892974
366,Trail,Reedy Creek Trail,1640201c-3d18-4062-8924-d149ab080cb6,,803.642644359077
367,Trail,Sycamore Trail,2708f3d6-d28b-46d5-9db7-6b66ab4e2cc6,,8343.6510248201
368,Trail,Sycamore Trail,3dcd7be3-13c4-4e4b-9e6c-00f261b91eea,,585.161244302843
369,Trail,Big Lake Boathouse Trail,e74b6317-e8b1-49e9-bde8-0107cf5042ac,,813.859619518344
370,Trail,Sycamore Trail,82b65553-af8e-476c-9f03-8fec10b7cbbe,,1522.4208236172
371,Trail,Oak Rock Trail,59dae6b1-3384-45b2-9cb4-efb2fb3cd1db,,2852.3826539844
372,Trail,Reedy Creek Trail,8610cda8-122e-4b97-9e72-a667910f7fa1,,2253.65197593475
373,Trail,Graylyn Trail,9c324c07-9bfb-49aa-892e-a987dc87c6d8,,1643.34817783852
374,Trail,Graylyn Trail,70dbdb0b-8359-4441-9df7-c032861a89e4,,898.721003319995
375,Trail,Graylyn Trail,555a00f4-e777-456c-84f1-23af3e3a0bda,,2567.29595276876
376,Trail,Reedy Creek Trail,945c2131-a7ac-4a15-bea2-125e797f987a,,2652.16699725369
377,Trail,S. Turkey Creek Trail,980913a9-fa3c-429f-add3-f4e6c54c7c23,,126.665508106023
378,Trail,S. Turkey Creek Trail,20adf0de-69ab-44c8-8e4a-20fdca49b47a,,174.075500587406
379,Trail,Reedy Creek Trail,41a99f3d-cfa8-46df-802d-8aa47216a8b4,,810.754375111884
380,Trail,Reedy Creek Trail,a98b5294-fbe0-4951-b0ad-7f46cc4e4979,,192.463561279973
381,Trail,Reedy Creek Trail,46ccba6e-deaa-4938-925f-e327203aca4e,,228.961552667249
382,Trail,Sycamore Trail,b703e993-1bc7-47b5-b125-7c7187ed5771,,368.012826267921
383,Trail,Sycamore Trail,8a3a01f4-6151-4f0a-8dfa-0c44ac6520fe,,305.186969285918
384,Trail,Sycamore Trail,df734ddd-1654-4283-8a98-e6723e679a1f,,1201.19642966404
385,Trail,Pott's Branch Trail,5c88e808-0640-44b6-910a-891940945dc4,,1573.82213950966
386,Trail,Pott's Branch Trail,e87587f2-a934-46fa-94cc-58b316d2baf2,,883.370658109612
387,Trail,Pott's Branch Trail,05691f6d-20f2-439c-8508-585210c6edb4,,797.132334848106
388,Trail,Sycamore Trail,b55a3397-b771-44e4-9b70-a492be4814df,,863.855187980965
389,Trail,Oak Rock Trail,f2d77173-9438-4053-9f7d-c3c44449c06f,,184.982978333223
390,Trail,Sal's Branch Trail,0e8852bf-1d78-4105-9e81-4468bdb0cb0c,,791.256734388575
391,Trail,Campground Spur Trail,662d67f6-cdb5-414b-be42-ca9d728cc207,,700.35841144143
392,Trail,S. Turkey Creek Trail,68787e1e-1d38-43b9-83cc-d3f053cf6334,,737.653031575146
393,Trail,S. Turkey Creek Trail,9975bc5c-9d1e-4dbb-8913-1f7c568a6b2a,,140.287702162208
394,Trail,S. Turkey Creek Trail,1ee3f532-731d-4577-9e20-534921cd9486,,165.502911313522
395,Trail,Sycamore Trail,e2fb3eaf-50e0-475c-9f08-660071c2c71a,,1944.97400705524
396,Trail,Sycamore Trail,d89957be-4095-45c2-bb26-6e2d913adb9a,,677.949928215201
397,Trail,Sycamore Trail,75ba8551-b516-4303-ad19-23337634131e,,3226.47254506741
398,Trail,Sycamore Trail,24febf21-a0b2-4724-b5a8-b7fcf8905e11,,1218.20202254978
399,Trail,Pott's Branch Trail,c3887e34-d9ad-457f-9edc-8f1afa4a1199,,1092.84101752471
400,Trail,Pott's Branch Trail,caf69e5b-7bf1-4cb0-80f4-1cd7bbae13fd,,1678.01803734895
401,Trail,Sal's Branch Trail,d0220b54-1702-4694-8525-45e656a3ff4c,,170.895729216449
402,Trail,Sal's Branch Trail,3486b372-adb0-4c24-b95c-00aa3bcf0a0e,,2613.20408764096
403,Trail,Sal's Branch Trail,23ee96dc-24cd-4b66-b1dc-d68b3cbc01aa,,3070.67885177078
404,Trail,Sal's Branch Trail,7b9da2c2-9c7d-454a-8bd0-dd0a82369eb0,,6057.29174676061
405,Trail,S. Turkey Creek Trail,7d67030a-3c11-42c6-9082-ffb032b1798b,,6569.195821626
406,Trail,Sycamore Trail,b373db87-2e32-454b-8402-a19833408414,,6354.96926487104
407,Trail,Loblolly Trail,a33f1aab-733c-41a7-ab38-c030c56af7c7,,12734.0987526456
408,Trail,Loblolly Trail,820d4f06-2bf0-41f1-87ae-cc264a659c87,,3642.12114009529
409,Trail,Loblolly Trail,9f4452e5-c955-4058-95c3-7e52b2a6b4ef,,782.044406542685
410,Trail,S. Turkey Creek Trail,367f8a29-ac39-4cf5-b2cd-446d14d48688,,2463.44996657767
411,Trail,S. Turkey Creek Trail,5ce8e191-ffac-4b3a-896b-101fc6feda33,,1463.25549936706
412,Trail,Reedy Creek Lake Trail,f64096ec-3494-4b1a-8c97-ab437087a4dd,,3492.79958065954
413,Trail,Inspiration Trail,8e599804-acf3-4ae2-817c-9b001a0af42f,,1536.53998643237
414,Trail,Company Mill Trail,1733ea86-5d7d-448b-acd1-1b109711dce0,,592.849963945668
415,Trail,Company Mill Trail,8ac7a687-8e51-4acb-bec0-e63d627441b9,,1641.05479395206
416,Trail,Company Mill Trail,1c5d8622-c65b-4a25-8db3-0a4b07e7afa0,,5737.32630619922
417,Trail,Company Mill Trail,37d8baa5-2373-4464-9afd-989cb41659cf,,7692.86355161674
418,Trail,Company Mill Trail,227c8c75-1388-4970-90f6-629aff8c371a,,3933.21059551931
419,Trail,Company Mill Trail,3b5a1a7d-1ef8-49c5-a69a-6946058a6bd0,,6146.89413206948
420,Trail,Company Mill Trail,777950ae-4b8c-43bf-9224-e511750bc1f6,,153.309560739869
421,Trail,Pott's Branch Trail,4aea78b5-d304-470c-9e55-bb488eaf2737,,41.7280650942528
422,Trail,Pott's Branch Trail,a9cb41b4-e515-49c4-9878-c3c4f7d19ec7,,245.437469938482
423,Trail,Pott's Branch Trail,0c8a3c66-5ccf-46e2-94e9-a5ee74fa9aeb,,100.445559978965
