X,Y,OBJECTID,Man_Made_Object,Notes,GlobalID,EditDate
2127149.858648464083672,735306.098805472254753,1,Picnic Table,2 tables,8e3b10b1-86a9-4075-9154-ac7a65cebb1c,2019-04-25T15:34:10.155Z
2127272.139571890234947,735315.022015973925591,2,Grill,,e1bb4bb0-2e86-45a4-bf08-96bf7ac5d1c7,2019-04-25T15:34:10.490Z
2127443.687785223126411,734937.636287808418274,3,Grill,,8e079047-b587-4a15-b150-19183c203b7f,2019-04-25T15:34:10.744Z
2126877.962210640311241,735431.10511714220047,4,Gazebo/Overlook,,8c6b6f28-c47e-4dd1-90f1-93fcfa2ddac4,2019-04-25T15:34:11.004Z
2126965.829160884022713,735513.153509482741356,5,Point of Interest,Restroom,5b1dcf41-042e-40f3-8fe0-040f63711279,2019-04-25T15:34:11.233Z
2126955.684824213385582,735515.030802309513092,6,Water Fountain,,e0968a59-6e07-4cf9-bc90-66b99473d046,2019-04-25T15:34:11.487Z
2126736.896875977516174,735689.611161813139915,7,Water Fountain,,a8fd6117-2630-4aaa-88e0-8b654ab060de,2019-04-25T15:34:11.714Z
2126880.142324388027191,735741.11827664077282,8,Picnic Table,3 tables,e1e79116-df49-4193-8dd8-0502449550c7,2019-04-25T15:34:11.886Z
2127023.849386051297188,735875.676078394055367,9,Picnic Table,1 tables ,3e8519fd-d8e8-43b3-9bb1-18fe92658970,2019-04-25T15:34:12.013Z
2127089.630094394087791,736050.780715063214302,10,Gazebo/Overlook,,bf57b988-de78-4c41-9e4b-c03132bce9b0,2019-04-25T15:34:12.136Z
2127296.464654475450516,735282.202199727296829,11,Brochure Box,,c33939fc-a46c-4fea-ae61-238fae4f0e70,2019-04-25T15:34:12.278Z
2127296.464654475450516,735282.202199727296829,12,Trash Can,,f1b9e06c-65b7-4c9c-9ef5-a7dc2d017e0f,2019-04-25T15:34:12.433Z
2127320.181470558047295,735294.661164313554764,13,Water Fountain,,3671754b-2a39-4e4f-8c6b-14183b9ba575,2019-04-25T15:34:12.590Z
2127300.538465216755867,735391.859788805246353,14,ADA Parking Spot,,08ef65c1-babd-43b9-920c-5734dbfbcffb,2019-04-25T15:34:12.792Z
2126922.935545891523361,735498.399273887276649,15,Trash Can,,a7118fd1-bfe7-4272-94a2-c400039946be,2019-04-25T15:34:12.902Z
2127139.228748470544815,735312.353386148810387,16,Trash Can,,e31208d1-e933-4185-927b-cb653fba3ed8,2019-04-25T15:34:13.027Z
2126821.950183555483818,735503.451429143548012,17,Other,Restroom,9881d53f-5415-4a64-b313-189ca43516eb,2019-04-25T15:34:13.152Z
2127079.193763554096222,735784.823569804430008,18,Point of Interest,Restroom,c645039f-6838-42f0-8486-ae02d8a4062e,2019-04-25T15:34:13.308Z
2127535.147247970104218,734870.742720812559128,19,Kiosk,,c101a234-90ed-4538-8b4e-aaffa2b3d762,2019-04-25T15:34:13.465Z
2126918.680961221456528,735722.595675900578499,20,Kiosk,,27d20f97-050c-4be9-a7bf-331329bdf002,2019-04-25T15:34:13.605Z
2126916.549731880426407,735722.595675900578499,21,Brochure Box,,e8165f3e-fb0d-49e1-9159-6e76a846f8c3,2019-04-25T15:34:13.761Z
2127006.384197890758514,735719.640957400202751,22,ADA Parking Spot,,61921ac9-24c5-423f-a30b-fddc051ca2c3,2019-04-25T15:34:13.871Z
2126914.19343738257885,735780.346216559410095,23,Point of Interest,Restroom,aa32fdcc-aae9-4c2b-962f-3fa4e7d57d4d,2019-04-25T15:34:13.996Z
2127559.480860725045204,734862.49208115041256,24,ADA Parking Spot,,a2851879-257a-4a41-9ba5-494a75cf5b91,2019-04-25T15:34:14.232Z
2127345.676498308777809,735894.498875394463539,25,Gazebo/Overlook,,d779f244-8a0d-4c3d-b7bb-454fbe5b313b,2019-04-25T15:34:14.496Z
2061196.330778881907463,760217.578838065266609,26,Gazebo/Overlook,,b036c9f9-89be-4234-8029-2c93457fde12,2019-04-25T15:34:14.621Z
2061083.332973390817642,760236.581424728035927,27,Fishing Pier/Platform,Fishing platform ,ff4642f8-9064-41ed-b109-47f13e4d5073,2019-04-25T15:34:14.730Z
2061299.542186632752419,760082.354370981454849,28,Fishing Pier/Platform,Fishing pier ,c41f0137-60d4-4f3f-943d-870bf97ff258,2019-04-25T15:34:14.855Z
2062056.018692046403885,760035.960762977600098,29,Fishing Pier/Platform,Boat dock,dff9b726-20a2-4377-9ed5-4fd841ef3fd8,2019-04-25T15:34:14.980Z
2062053.645337224006653,760091.324169307947159,30,Boat Launch,"Trailered boats; concrete ",adaacb55-5256-40b1-b0bc-cd4ea071c952,2019-04-25T15:34:15.089Z
2062315.799340471625328,760346.645837143063545,31,Boat Launch,"Hand launch; sand",ad8e51b1-d83f-447a-837e-01cc30044251,2019-04-25T15:34:15.214Z
2061405.064285308122635,760591.662735566496849,32,Restrooms,,bd68461b-15b7-4762-956f-6142bd118302,2019-04-25T15:34:15.355Z
2060859.035193637013435,760435.293625727295876,33,Restrooms,,ae6afb23-7522-4d09-bd11-e81152fe7acb,2019-04-25T15:34:15.511Z
2061944.638009309768677,760272.841850891709328,34,Restrooms,,9e0c3867-b6b9-434c-a062-9cc52561b547,2019-04-25T15:34:15.667Z
2061099.178414136171341,760910.120760053396225,35,ADA Parking Spot,2 spots,d97c6e32-6786-4899-8d39-5e5088ceaa7f,2019-04-25T15:34:15.809Z
2061058.063010796904564,760910.447531059384346,36,Trash Can,,d152340a-243c-4113-a2ed-830bbe79f434,2019-04-25T15:34:15.933Z
2061029.330128639936447,760809.79550139605999,37,ADA Parking Spot,,6ed87619-7b48-49c9-8219-28f4ce9f059f,2019-04-25T15:34:16.042Z
2060881.759557634592056,760775.85199972987175,38,Grill,,38f33e74-5257-4eea-ae43-8ba65f1235a6,2019-04-25T15:34:16.167Z
2060877.814027473330498,760773.8303502202034,39,Grill,,1f3b3452-4688-4902-bfaf-c12383583434,2019-04-25T15:34:16.339Z
2060843.885945722460747,760746.331389471888542,40,Grill,,b94de18b-18a5-443e-84c7-a5a5bd586969,2019-04-25T15:34:16.464Z
2060844.527348637580872,760736.432131066918373,41,Grill,,8b8a1994-1622-4e4d-bc56-e5abbc293b49,2019-04-25T15:34:16.606Z
2060811.912584468722343,760758.530512064695358,42,Trash Can,"2 trash, 3 recycling ",e46d31dc-cd71-480f-825a-6b17e1649e35,2019-04-25T15:34:16.779Z
2060827.821017220616341,760645.935264810919762,43,Trash Can,,ab12bdaf-af0c-422c-82a9-ccad59d42f33,2019-04-25T15:34:17.139Z
2060833.255061477422714,760609.806400060653687,44,Trash Can,"1 trash, 2 recycling ",aa1140b9-6405-496c-9263-d16fccd74e23,2019-04-25T15:34:17.292Z
2060796.322064474225044,760464.821453809738159,45,Trash Can,,8bcbfd1b-3367-4d4c-b351-04bada30c476,2019-04-25T15:34:17.402Z
2061045.719531551003456,760453.820491567254066,46,Trash Can,,f9302d68-38df-4378-a1d7-720170474e8d,2019-04-25T15:34:17.542Z
2061030.691018298268318,760477.068476557731628,47,Picnic Table,,b1f81c82-b5b0-4dd3-9106-4615d2bf0f7d,2019-04-25T15:34:17.667Z
2061031.084718301892281,760407.002343729138374,48,ADA Parking Spot,5 spots,b0ca4729-c2c9-4caa-87bf-2437fd8ca12e,2019-04-25T15:34:17.825Z
2060987.28395289182663,760456.109528973698616,49,Kiosk,,82d1a5ac-d263-4b5b-bd0f-8f9946a1dd22,2019-04-25T15:34:18.011Z
2061156.187486469745636,760302.962853640317917,50,Trash Can,"1 can, 2 recycling ",292a864a-3b18-4be8-b3e3-25c905de58bb,2019-04-25T15:34:18.199Z
2061167.939103379845619,760290.584925636649132,51,Grill,,24986afd-5826-44d8-ae39-d96ef3b071b9,2019-04-25T15:34:18.324Z
2061182.481069058179855,760274.475377812981606,52,Picnic Table,2 tables,e76ac40a-f90d-4894-855e-c08e6a6e9c9e,2019-04-25T15:34:18.464Z
2061106.157074719667435,760270.789689645171165,53,Picnic Table,,aa5de54b-8365-4cb0-9461-947fec99bb68,2019-04-25T15:34:18.621Z
2061115.298460632562637,760241.689682230353355,54,Trash Can,,7b879a2a-63e9-40bd-aa72-bd06fd1f423c,2019-04-25T15:34:18.824Z
2061418.943194553256035,760320.031389057636261,55,Trash Can,"3 cans, 2 recycling ",81b05a08-c406-4959-9978-2e3f5448b651,2019-04-25T15:34:18.949Z
2061406.645646974444389,760355.824952647089958,56,Grill,,86916519-802e-4026-abdd-b734d759aa34,2019-04-25T15:34:19.121Z
2061445.774177640676498,760272.308387398719788,57,ADA Parking Spot,,a21af01f-ce17-451c-8dfb-0b3e5f7f9b84,2019-04-25T15:34:19.247Z
2061460.786614805459976,760245.063691228628159,58,Trash Can,,14526470-c25c-482d-a50f-295103a4d388,2019-04-25T15:34:19.371Z
2061465.970987632870674,760225.05979423224926,59,Picnic Table,,6ab49bce-3c84-4139-9440-aa0221b77e51,2019-04-25T15:34:19.480Z
2061518.738270550966263,760189.396807804703712,60,Grill,,accfc82d-bee4-4957-9bb8-0d27a5b3c590,2019-04-25T15:34:19.589Z
2061528.975126713514328,760200.600197479128838,61,Picnic Table,,636c31e1-1868-49d9-bfe2-b4eb5cf69fea,2019-04-25T15:34:19.746Z
2061531.730370551347733,760201.673686146736145,62,Trash Can,"1can, 1recycling",7781ea5e-5a53-49dd-aea6-7e99875881d3,2019-04-25T15:34:19.859Z
2061561.503933057188988,760231.864898726344109,63,Picnic Table,,96163e57-0176-4a8c-832b-8a1c8e77f387,2019-04-25T15:34:19.980Z
2061573.586914137005806,760298.814567983150482,64,Trash Can,"1 can, 2 recycling ",db65c02e-1a71-4e6a-9a1f-812c5b40fa76,2019-04-25T15:34:20.152Z
2061597.273874640464783,760316.987103804945946,65,Picnic Table,,1d82b17f-9456-4faf-960c-6b1838c189d3,2019-04-25T15:34:20.292Z
2061609.390976384282112,760308.17970672249794,66,Grill,,4011a37d-c976-453a-8ab7-684c53a46aea,2019-04-25T15:34:20.652Z
2061477.195374637842178,760633.449397400021553,67,Trash Can,"3 cans, 2 recycling ",18df3511-6052-40f5-a588-f471a6f2b5be,2019-04-25T15:34:20.792Z
2061492.999476879835129,760671.245909720659256,68,Grill,,a626cf60-fa19-4567-ac43-668f3b43a832,2019-04-25T15:34:20.933Z
2061403.307399049401283,760826.662921726703644,69,Kiosk,,1b6d3895-7288-4717-bcbc-de80c8e654f1,2019-04-25T15:34:21.058Z
2061413.46879605948925,760840.388616055250168,70,Gate/Trailhead,Multi-use trails,94b540af-2f12-4f41-b5a6-9d24964729ef,2019-04-25T15:34:21.214Z
2060647.734435141086578,761430.239142388105392,71,Trash Can,,58f73659-16cd-4d3b-be7c-8f0fabd39492,2019-04-25T15:34:21.386Z
2060653.828254967927933,761409.090234562754631,72,Trash Can,Recycling ,a259e57c-d63c-4bb1-b2a9-9d596496bddc,2019-04-25T15:34:21.558Z
2060609.389039382338524,761490.551357731223106,73,Trash Can,,dba78e35-727d-4764-93e8-bb8e133d80e8,2019-04-25T15:34:21.667Z
2060666.178952053189278,761378.696922644972801,74,Grill,,57da3d56-9b1a-4455-a8b0-244ee2d8caf0,2019-04-25T15:34:21.824Z
2060668.276716887950897,761390.761531054973602,75,Picnic Table,,eb25c8dc-ad58-4650-af92-571fd8bf48a8,2019-04-25T15:34:21.964Z
2060605.312932059168816,761468.308948144316673,76,Picnic Table,,2662a7d6-fbe8-4b2c-9d71-198ab8795438,2019-04-25T15:34:22.136Z
2060511.771780550479889,761564.907180145382881,77,Trash Can,,edcd0255-92f3-4a85-8ad8-7c3c6f931d80,2019-04-25T15:34:22.249Z
2060490.56611430644989,761535.868196234107018,78,Trash Can,"1 trash, 2 recycling ",33af6f53-cc04-4d1a-b828-37b16bb9567f,2019-04-25T15:34:22.386Z
2060414.422565802931786,761544.252037733793259,79,Picnic Table,,9a603068-9c3d-46a7-b944-ecaaa9fc0c85,2019-04-25T15:34:22.511Z
2060448.143955051898956,761507.737675055861473,80,Picnic Table,,fc6cec5b-b057-48ee-a91c-2d35a41e3c71,2019-04-25T15:34:22.636Z
2060443.851312726736069,761503.512617900967598,81,Grill,,0b340be4-6773-49c2-91bb-2956891d6fde,2019-04-25T15:34:22.761Z
2060511.326571464538574,761650.616654396057129,82,Gate/Trailhead,Old beech nature trail,9d25cb91-e564-4fbf-80ba-ff82909a9262,2019-04-25T15:34:22.871Z
2060500.03525547683239,761648.951303392648697,83,Kiosk,,ed49926e-a1b0-4689-9b4e-9939882a9c2e,2019-04-25T15:34:22.996Z
2060160.5477454662323,761565.835984066128731,84,Gate/Trailhead,Lake trail,5213201d-16d4-4246-865e-486bdc3d9cda,2019-04-25T15:34:23.121Z
2057089.820291131734848,759103.245108723640442,85,Gazebo/Overlook,,e94e9077-d263-4bc1-9e27-885324b2bf24,2019-04-25T15:34:23.247Z
2021837.06960254907608,680228.218475893139839,86,Fishing Pier/Platform,Fishing Pier,9cb92159-683c-479d-bb71-0d0982c3a8e8,2019-04-25T15:34:23.390Z
2021125.123191803693771,680295.906660720705986,87,Boat Launch,Cartop Launch,87961d97-c9a0-435d-90e3-a15a08c8edfa,2019-04-25T15:34:23.542Z
2021612.079238891601562,680497.745167806744576,88,Trash Can,,5b73bc30-ed00-43f0-954e-4bf966b8e9a4,2019-04-25T15:34:23.668Z
2021604.108454301953316,680496.854749649763107,89,Other,Recycling can,baf6464e-c014-4213-89a5-04f579c67ea1,2019-04-25T15:34:23.839Z
2021580.478908389806747,680516.240537643432617,90,Picnic Table,,93c4e4ee-bcf7-4f42-a121-228120f0b058,2019-04-25T15:34:24.074Z
2021551.432050466537476,680483.972229480743408,91,Picnic Table,,1688b884-03c6-4620-bd42-00b31fe3cb2c,2019-04-25T15:34:24.199Z
2021547.134486883878708,680467.860713139176369,92,Grill,Single,51bb7196-968e-4455-b07c-8f3fc8c0fbb3,2019-04-25T15:34:24.339Z
2021497.142788976430893,680428.529755055904388,93,Picnic Table,,d71358ea-629c-4226-b96e-d0523ecfefcb,2019-04-25T15:34:24.464Z
2021561.105915635824203,680403.941221565008163,94,Picnic Table,,15fc72f5-dcaf-4e65-9d86-059d3c6cf654,2019-04-25T15:34:24.652Z
2021559.795878887176514,680389.936984479427338,95,Grill,Single,759b9126-f0a3-4070-b830-9f542dd55344,2019-04-25T15:34:24.764Z
2021567.156756550073624,680339.070288315415382,96,Picnic Table,,4a6f5bdb-533b-491a-ab43-626a614829d4,2019-04-25T15:34:24.888Z
2021636.822299644351006,680386.271309390664101,97,Picnic Table,,892d7f17-5237-4855-b45a-d8ccfc5204e2,2019-04-25T15:34:24.996Z
2021645.967950642108917,680381.625649392604828,98,Picnic Table,,86c045ba-0a06-4ad6-83f1-5162b3606ada,2019-04-25T15:34:25.120Z
2021652.422334060072899,680377.89304530620575,99,Grill,Single,c8bea383-de7e-428c-b9f9-43f16381f738,2019-04-25T15:34:25.230Z
2021672.60962963104248,680330.925619557499886,100,Picnic Table,,6ea3f12c-733f-4fd3-b75c-e1c1e3f37cc3,2019-04-25T15:34:25.371Z
2021642.133640721440315,680277.010373055934906,101,Picnic Table,,80bc119a-dccb-4de3-92a3-3e35343d275e,2019-04-25T15:34:25.480Z
2021682.707706555724144,680284.392904222011566,102,Trash Can,,8dd5ee3a-e951-40e6-b45b-faa47ab4a992,2019-04-25T15:34:25.609Z
2021677.575170889496803,680285.655040815472603,103,Other,Recycling can,e18710ce-3c41-49f6-b2f4-799884781fa2,2019-04-25T15:34:25.746Z
2021726.885111629962921,680269.857500225305557,104,Picnic Table,ADA Table,feab1bba-2d56-47fc-827f-95f4c949704a,2019-04-25T15:34:25.889Z
2021731.963841632008553,680274.025798976421356,105,Picnic Table,,9f6502e1-9751-454a-92c2-13ce8e1d8422,2019-04-25T15:34:26.074Z
2021729.007810801267624,680262.476281389594078,106,Grill,Single,87d15d0b-016e-41c1-9a64-029411615e63,2019-04-25T15:34:26.199Z
2021851.69785413146019,680222.204708397388458,107,Trash Can,,4953c002-57fc-43fb-854d-2437d0464c36,2019-04-25T15:34:26.341Z
2021849.176533713936806,680229.60101905465126,108,Other,Recycling can ,4e251c36-316c-4459-a4bf-9b3e6e621bbc,2019-04-25T15:34:26.464Z
2021802.900051474571228,680286.540537729859352,109,Picnic Table,,b8878236-168a-45a8-8c54-5d4e6e39a205,2019-04-25T15:34:26.749Z
2021786.454874381422997,680359.748068481683731,110,Picnic Table,ADA picnic table ,ccb79092-5b50-46d3-857d-0e119ce87e5b,2019-04-25T15:34:27.264Z
2021751.327648058533669,680364.100093901157379,111,Picnic Table,,1bcb2aeb-d1ca-433e-85d6-fd310a431fc3,2019-04-25T15:34:27.452Z
2021751.87292255461216,680367.898642733693123,112,Grill,Single,4ffb8325-3ce9-4501-85d5-7b66a7d9200c,2019-04-25T15:34:27.652Z
2021770.063502967357635,680393.554103225469589,113,Picnic Table,,4d53b72d-bf27-4267-8cc8-8b2d644624b7,2019-04-25T15:34:27.824Z
2021758.621924802660942,680403.888072058558464,114,Grill,Single,e9b48d30-4540-4309-98db-e81190bcf88b,2019-04-25T15:34:27.964Z
2021779.445373967289925,680406.618381559848785,115,Other,Recycling can ,96ca42c2-3f19-4b4e-aae9-6b30b1f5ff4f,2019-04-25T15:34:28.136Z
2021783.355143055319786,680408.009454891085625,116,Trash Can,,4655fd2e-3d50-46f4-8772-9c3b72a94286,2019-04-25T15:34:28.261Z
2021824.5335383862257,680473.861357316374779,117,ADA Parking Spot,,40e58e47-64f7-4d7c-8036-e5f7d402e839,2019-04-25T15:34:28.386Z
2021814.147076219320297,680539.308732971549034,118,ADA Parking Spot,,1352812c-1725-4943-a0e7-c08359ecdc76,2019-04-25T15:34:28.495Z
2021788.197981134057045,680596.675416141748428,119,Other,Recycling can ,50ab1f88-d768-4104-8820-d3ddb1b55368,2019-04-25T15:34:28.624Z
2021752.132436469197273,680556.423856228590012,120,Trash Can,,792cf544-5902-44a6-b4ee-9dde2f6dc672,2019-04-25T15:34:28.777Z
2021580.9710333943367,680626.893859639763832,121,Kiosk,Peninsula trailhead,f892342a-3fd4-4ff4-81b5-777ac394c3d3,2019-04-25T15:34:28.953Z
2021581.119327053427696,680628.572005897760391,122,Other,Dog bag dispenser ,7deaac0e-3911-468b-97a3-5fd5e4467086,2019-04-25T15:34:29.074Z
2021582.467093393206596,680624.881396472454071,123,Brochure Box,,bdc86159-7765-421a-91a3-7a3747b2b406,2019-04-25T15:34:29.199Z
2021570.391002058982849,680617.36763197183609,124,Trash Can,,93d97784-0229-4848-b428-ebafc59836e3,2019-04-25T15:34:29.294Z
2021620.470954388380051,680807.607080891728401,125,Trash Can,,167c1de3-b56b-405c-b9ac-f6e1fbae2ca3,2019-04-25T15:34:29.417Z
2021657.428885713219643,680752.140000224113464,126,ADA Parking Spot,,f4dbec95-c166-486d-84b8-c3bf73c2ad88,2019-04-25T15:34:29.545Z
2021674.996107801795006,680744.449398815631866,127,ADA Parking Spot,,5bdbb15a-1c63-4475-8fb5-b8d56bca4582,2019-04-25T15:34:29.652Z
2022018.834330886602402,680842.650645971298218,128,Trash Can,Trash and recycling cans ,d1a0ff43-bd06-44dd-a39e-b1f1a92d91f7,2019-04-25T15:34:29.811Z
2022042.56656688451767,680852.339274898171425,129,Water Fountain,,e835d915-a91e-4562-8d11-d87c736b1c6c,2019-04-25T15:34:30.011Z
2022051.459921807050705,680784.999186471104622,130,Picnic Table,,a4dea4bd-3eb9-43a5-a8c7-a59a81eb8c29,2019-04-25T15:34:30.121Z
2022067.004838213324547,680783.897482648491859,131,Picnic Table,,9bb3c646-5b16-4f51-a8f7-56d93f4740ed,2019-04-25T15:34:30.230Z
2022076.505147308111191,680804.512598887085915,132,Brochure Box,,583dba0d-9f11-4a54-b861-6830f67f1e52,2019-04-25T15:34:30.339Z
2022166.093550801277161,680955.107113972306252,133,Picnic Table,Long table with ADA access,cf2ba439-4de2-4e1f-9cdd-117edae3b72e,2019-04-25T15:34:30.574Z
2022172.440322890877724,680962.098241731524467,134,Picnic Table,2 small wooden tables ,cb3aa4f7-0d5a-496d-adb6-b74e0248369d,2019-04-25T15:34:30.714Z
2022145.549628630280495,680979.132000312209129,135,Other,Garden trellis ,b9499a4c-7697-49ff-888f-f0c81dce8724,2019-04-25T15:34:30.839Z
2022064.16954205930233,680910.869997724890709,136,Kiosk,,cfb68e5f-c0f5-4ba9-bcc5-94c8ad8227b9,2019-04-25T15:34:30.980Z
2023362.166617974638939,684586.136269226670265,137,ADA Parking Spot,,1ebf8427-9b3d-4162-8438-b16ef267c21f,2019-04-25T15:34:31.089Z
2023413.130754888057709,684674.849018305540085,138,Brochure Box,,63a74653-ff1d-4ccc-84c7-f8475976c82e,2019-04-25T15:34:31.230Z
2023394.197065725922585,684648.856288149952888,139,Other,Display case ,b624d9cf-5358-4bbe-86c6-588464253206,2019-04-25T15:34:31.402Z
2021779.041831463575363,680581.978923231363297,140,Trash Can,,3a430298-193e-4f3c-acd9-6f88c394d2b4,2019-04-25T15:34:31.589Z
2021953.507689893245697,680560.978637143969536,141,Trash Can,,00c09455-4077-4c69-b291-158e921f7c54,2019-04-25T15:34:31.745Z
2021952.127115219831467,680560.506525233387947,142,Trash Can,,7f263acd-3ca4-4bed-af7f-25450ba0bdfe,2019-04-25T15:34:31.917Z
2021957.004402056336403,680562.667282059788704,143,Other,Recycling can ,f95a39ee-2673-4648-84ca-58b6d5b420ff,2019-04-25T15:34:32.042Z
2021963.083458140492439,680514.192969560623169,144,Other,Recycling can ,55e2f004-d2c1-4266-974e-2504fbe01c55,2019-04-25T15:34:32.402Z
2021964.791131883859634,680515.700512483716011,145,Trash Can,,987bc177-c416-46f4-8982-f22212f9d645,2019-04-25T15:34:32.527Z
2021966.450905472040176,680516.673935726284981,146,Trash Can,,2370ee0e-11e7-4006-853e-ccefeddbab64,2019-04-25T15:34:32.667Z
2021975.710729464888573,680516.790077224373817,147,Grill,Longleaf ,8b794c36-e08e-4b81-950a-3a857fc6a956,2019-04-25T15:34:32.808Z
2021880.562953889369965,680667.461363807320595,148,Picnic Table,,d237e386-6dcb-4835-a57e-5efd81d5f66b,2019-04-25T15:34:32.933Z
2021831.748090893030167,680655.069656312465668,149,Kiosk,Playground ,7d960da8-f96a-4531-8961-aae85c1ddc6c,2019-04-25T15:34:33.078Z
2021829.37703263759613,680660.971219316124916,150,Trash Can,,de0e5018-75d1-44ed-a014-e9e8b94b8da5,2019-04-25T15:34:33.199Z
2021825.442657306790352,680659.305540233850479,151,Other,Recycling can ,131a8764-ddb6-47ac-bbfe-06fab13de01c,2019-04-25T15:34:33.324Z
2021863.200783893465996,680764.624555304646492,152,Trash Can,,0a645514-1537-46cd-8bc2-dbdca24a2629,2019-04-25T15:34:33.418Z
2021867.508189976215363,680737.010437309741974,153,Grill,Loblolly ,79085628-974b-410c-811a-2ad829d21618,2019-04-25T15:34:33.527Z
2021862.037400379776955,680768.597316399216652,154,Other,Recycling can ,c51a1d8f-af97-492e-95b4-27fb6a277fc2,2019-04-25T15:34:33.652Z
2022039.977005138993263,681117.559873059391975,155,Other,Recycling can ,041b5b17-195c-4a2e-823d-570e6a566faa,2019-04-25T15:34:33.777Z
2022037.51014655828476,681118.305278390645981,156,Trash Can,,db3ad7f9-63bc-45da-9a98-fce086b2967c,2019-04-25T15:34:33.918Z
2022652.834375217556953,684916.368548393249512,157,Other,Broadwalk,af29b437-b696-425c-9097-3066967acd6c,2019-04-25T15:34:34.027Z
2022176.948515966534615,684541.86929740011692,158,Kiosk,Mtb map ,c8a2cd4d-9479-4730-8a33-62abc6511c04,2019-04-25T15:34:34.168Z
2023035.331969797611237,683826.255571141839027,159,Other,Wood bridge with stone approachs,1cf422ea-4b99-4e13-86e1-8c3b0854e3d9,2019-04-25T15:34:34.329Z
2022737.736436381936073,684276.722189888358116,160,Other,Wood broad walk with stone approaches,0a2db312-c621-4aa1-b71f-58eaa17aff52,2019-04-25T15:34:34.434Z
2022853.053134888410568,684603.630656808614731,161,Other,Wood bridge ,4000e1ae-8c85-4833-8288-bc9db997280f,2019-04-25T15:34:34.559Z
2021963.963049560785294,686087.318306222558022,162,Other,Wood bridge with stone approaches ,7bf1f696-6a89-4ee3-9868-c1f3dd7c226d,2019-04-25T15:34:34.668Z
2021825.388195469975471,685581.129357978701591,163,Other,Wood bridge ,9ef3f864-6731-4627-aa68-a670a757f793,2019-04-25T15:34:34.793Z
2021791.424352630972862,685097.762214481830597,164,Other,Wood bridge ,3ab13a91-fedc-43ce-906b-0419d5f685c3,2019-04-25T15:34:34.902Z
2022415.282356888055801,682839.783790811896324,165,Trash Can,,bf383392-f197-4597-9e4d-50f29728fb70,2019-04-25T15:34:34.996Z
2022234.510080635547638,683052.944781810045242,166,Trash Can,,6f216480-cbe3-4343-80e9-9e58605f0d04,2019-04-25T15:34:35.137Z
2022234.785670638084412,683050.657056733965874,167,Other,Recycle can ,4556db2f-7d3e-47a4-83f7-f1cdbeba5a29,2019-04-25T15:34:35.246Z
2022243.106192052364349,683049.183634474873543,168,Fishing Pier/Platform,,3193ece9-0c53-4fb9-b7b7-f15902adc57c,2019-04-25T15:34:35.402Z
2021987.131966471672058,682836.853022396564484,169,Restrooms,Port a john,11669c71-7fc4-4b29-8d7c-fb6555016d4e,2019-04-25T15:34:35.574Z
2021984.17167055606842,682831.908478483557701,170,Trash Can,,3a11c9cc-94b3-49da-8e42-cdf25b71eb8b,2019-04-25T15:34:35.762Z
2022016.221475213766098,682841.542645558714867,171,Kiosk,,dd1f0ed4-f47c-423e-9dcd-3d2868104e40,2019-04-25T15:34:35.981Z
2022538.465837553143501,684097.120186895132065,172,Other,Bridge over log,a4a379c8-d99b-4688-93d8-2fdbc4f4d55e,2019-04-25T15:34:36.262Z
2023389.09340138733387,732005.699894472956657,173,Other,Recycling can ,f93701e0-35ba-46b0-a4ae-c6865ca25986,2019-04-25T15:34:36.390Z
2023386.369653552770615,732022.47807614505291,174,Trash Can,,a4a1a9c4-819a-4c20-b187-7e96c47b91b3,2019-04-25T15:34:36.637Z
2023375.718756213784218,732032.217229887843132,175,Water Fountain,,966364ee-109f-4053-ae4a-a8ec1939e840,2019-04-25T15:34:36.872Z
2021872.4314084649086,746696.28698305785656,176,Other,Yates Mill Store Road Tunnel,df485ac4-a484-478e-ae5b-12764ff3d55c,2019-04-25T15:34:37.076Z
2021870.142042964696884,681451.650084137916565,177,Brochure Box,TORC,b18c1bd9-2ddd-42ca-a0fb-b05de1048173,2019-04-25T15:34:37.231Z
2021841.24413488805294,681489.016479223966599,178,Kiosk,MTB,7b46a74e-2522-43e7-abd8-fcf14b21c006,2019-04-25T15:34:37.387Z
2021880.116432473063469,681471.213037148118019,179,Gate/Trailhead,Cypress MTB,293a301c-b2b9-440b-9488-11d930919586,2019-04-25T15:34:37.496Z
2022612.758339881896973,682188.127613812685013,180,Kiosk,MTB map,47e1bd25-8822-4f42-9611-18720c8b94dc,2019-04-25T15:34:37.606Z
2022622.472231224179268,682188.989160642027855,181,Gate/Trailhead,MTB ,2aba774d-f751-42a0-a0fe-fd805abde2e9,2019-04-25T15:34:37.809Z
2023156.065980300307274,682675.459316313266754,182,Other,Broad walk bridge ,a8ce307e-ef2b-4b3c-8fdd-a7a0fc94ef6a,2019-04-25T15:34:37.903Z
2023381.219073310494423,683299.513842478394508,183,Other,Broad walk Bridge ,2aeed96a-a8bc-4f43-8515-ca418b3bd9cf,2019-04-25T15:34:38.028Z
2023964.45708005130291,683650.109269887208939,184,Other,Broad walk bridge ,62787622-3987-4a42-b8cc-ae91af0ee442,2019-04-25T15:34:38.184Z
2024243.626141130924225,684102.117880314588547,185,Other,Bridge ,dd384ada-3151-47c0-a1c1-b1b743558091,2019-04-25T15:34:38.342Z
2023352.801151141524315,683320.40159597992897,186,Other,Wide bridge ,17e89839-29b2-46bf-acf2-55259eccae26,2019-04-25T15:34:38.528Z
2022945.483068138360977,682810.064690142869949,187,Other,C shaped broadwalk,9c06f90f-7763-4bb3-8424-914e6e82a5c2,2019-04-25T15:34:38.653Z
2021447.177337720990181,684430.127394899725914,188,Kiosk,Trail map ,d6833f74-1678-49fa-a375-34bc312f4af1,2019-04-25T15:34:38.793Z
2021415.167559221386909,685430.941666230559349,189,Other,Small bridge ,d4f6313c-3d96-4c4d-be74-16fabdb69d1b,2019-04-25T15:34:38.934Z
2021266.008080631494522,685666.220067054033279,190,Other,Bridge ,e0637d1c-7e85-40da-8518-801957f38b95,2019-04-25T15:34:39.043Z
2021836.565338477492332,686194.231150150299072,191,Other,Low bridge boardwalk,ed01bf11-affc-4263-83e4-53a21878d41b,2019-04-25T15:34:39.184Z
2021831.150979220867157,686477.054075315594673,192,Other,Bridge ,35b5baff-3cfd-4f3c-955e-18d50590a0fc,2019-04-25T15:34:39.309Z
2023452.665124639868736,683600.70156030356884,193,Other,Low bridge ,4e51699d-f4fa-4956-97ef-1c2458779b75,2019-04-25T15:34:39.435Z
2022548.391998797655106,682476.590619564056396,194,Picnic Table,,04438060-4826-4e03-bbe3-5320d9506331,2019-04-25T15:34:39.564Z
2022713.091800630092621,682479.526965394616127,195,Other,Skills area entrance arbor,51c66274-b004-4820-95fa-237fcb954784,2019-04-25T15:34:39.746Z
2021707.964545801281929,682759.15567122399807,196,Trash Can,,8c34619c-809b-42be-becc-e94602bd3bf5,2019-04-25T15:34:39.871Z
2021707.964545801281929,682759.15567122399807,197,Other,Recycling can ,0acd7926-c878-4476-afa7-a648b2bee67e,2019-04-25T15:34:40.106Z
2021664.006956547498703,682784.826551645994186,198,Kiosk,Disc golf,396d96e5-3cea-4ef9-9fb8-f682e276cf7e,2019-04-25T15:34:40.528Z
2021315.042759463191032,682916.123533144593239,199,Brochure Box,Scorecard mailbox,799a504e-d365-4f13-9845-9b80f20f741f,2019-04-25T15:34:40.715Z
2020110.064198300242424,683876.941493391990662,200,Other,Hole 8 bridge and stairs ,e9569ee4-ac8a-4a6b-9781-2f842ffc8416,2019-04-25T15:34:40.824Z
2020781.936214134097099,683150.717224061489105,201,Other,Small bridge ,a17833e6-2d82-4737-b61f-cb98e04e3a48,2019-04-25T15:34:40.949Z
2021190.398323714733124,682572.786293312907219,202,Picnic Table,,36dfce13-b1d8-4678-80d6-a4660dcf083a,2019-04-25T15:34:41.059Z
2021164.330462470650673,682556.811915814876556,203,Picnic Table,,1d04c9da-cee7-4656-b1a8-fcb001183040,2019-04-25T15:34:41.168Z
2022152.374746218323708,681112.320382222533226,204,ADA Parking Spot,,29774113-222e-426e-9374-396cbcdb5d03,2019-04-25T15:34:41.309Z
2022169.732979223132133,681117.656985729932785,205,ADA Parking Spot,,9109bb04-5f44-4601-a8b2-cc74babc2d26,2019-04-25T15:34:41.465Z
2022253.725265309214592,681130.945673063397408,206,Other,Recycling can ,f48786c5-18c4-4673-8d96-d4dd233a2707,2019-04-25T15:34:41.590Z
2022249.764643296599388,681123.735057562589645,207,Trash Can,,a0f53eb8-6f5e-42ab-b47c-4e1d9abcffa7,2019-04-25T15:34:41.731Z
2022252.912930965423584,681126.375800311565399,208,Trash Can,,1b6f4e2a-4829-4a71-9b76-5595b53e45f4,2019-04-25T15:34:41.889Z
2022270.786910966038704,681132.976836979389191,209,Grill,Large,b137052d-d781-4b34-9c5a-6365ed1de285,2019-04-25T15:34:42.168Z
2022278.859401389956474,681189.23492656648159,210,Brochure Box,,25974bec-4990-4abe-8364-429277b531ea,2019-04-25T15:34:42.309Z
2021470.357409477233887,680539.925857722759247,211,Other,Small bridge,f94ff45f-c50d-45e8-bfda-16ff8abf8466,2019-04-25T15:34:42.434Z
2021063.63840663433075,680687.765128970146179,212,Kiosk,Duke Energy information ,9253c2ab-a55d-43ee-b4cf-aba281e087af,2019-04-25T15:34:42.559Z
2019755.711232468485832,680107.587483555078506,213,Other,Bridge,eb6e268d-1e66-4572-811f-66736cd78779,2019-04-25T15:34:42.715Z
2018265.246037557721138,679385.080070316791534,214,Kiosk,Longleaf pine display,0183ed77-4a74-44ca-9f49-50405d34661d,2019-04-25T15:34:42.903Z
2017376.999782547354698,680280.581560149788857,215,Other,Bridge ,d2e5f1eb-31e4-4edb-9b1c-ff9ed52a13b4,2019-04-25T15:34:43.013Z
2017784.521605297923088,680804.359055891633034,216,Other,Bridge,06f0f2dc-3f74-4524-a1d3-089aa1aefc70,2019-04-25T15:34:43.137Z
2017871.859685227274895,680840.670663058757782,217,Other,Bridge ,dd5b318c-9dff-4f2d-b2cc-1df5e76af7a0,2019-04-25T15:34:43.418Z
2019942.053379476070404,683300.52761997282505,218,Other,Bridge,e87a228b-efca-4923-930f-7632de94efd1,2019-04-25T15:34:43.793Z
2020733.475353047251701,681965.913819387555122,219,Other,Bridge,b2670128-02a6-4b3d-a514-386d9f4904b8,2019-04-25T15:34:43.965Z
2106901.076311469078064,808739.838420644402504,220,Gazebo/Overlook,Scenic overlook of Falls Lake,44f41739-9515-45cd-978a-423b646aa5df,2019-04-25T15:34:44.074Z
2092747.192545801401138,716819.86609297990799,221,Gazebo/Overlook,Park Center Overlook Deck,01a53f01-d256-4350-b1aa-bfbe2462fa8d,2019-04-25T15:34:44.231Z
2092806.582518890500069,716822.816874474287033,222,Picnic Table,Picnic pad behind park center,6d7f1b3d-6828-43a8-bb9d-ab00e97f0390,2019-04-25T15:34:44.356Z
2092826.944682881236076,716855.522189646959305,223,Picnic Table,picnic table on the back porch of the Park Center,3e0a8c36-92f9-42c6-a2ac-addb19eb2003,2019-04-25T15:34:44.592Z
2092998.54046830534935,716900.302611887454987,224,Cultural Features,Wagon display,86c98565-9735-48d2-a55d-59a06c5e9b4c,2019-04-25T15:34:44.746Z
2093084.460572049021721,716829.03208515048027,225,Picnic Table,Picnic pad with three tables along Mill Stone Path & trash+ recycling ,f4e2d521-5df1-42ea-9176-bdbc22070310,2019-04-25T15:34:44.903Z
2093110.054680973291397,716770.346835061907768,226,Other,Rain garden,38f70647-4621-4a72-badc-0d1cef2c4ed4,2019-04-25T15:34:45.108Z
2093121.003149881958961,716679.39655764400959,227,Cultural Features,Display of 3 millstones,6de4f713-1537-4c48-983f-3a615f8315df,2019-04-25T15:34:45.231Z
2093123.316137388348579,716633.213907226920128,228,Cultural Features,Display of old milling equipment,c5a73ba5-897c-49a0-9d38-1407ab95aa2c,2019-04-25T15:34:45.387Z
2093110.065179631114006,716604.978071317076683,229,Kiosk,,d2c20ea5-c75a-4d85-83c3-7e51fce1121f,2019-04-25T15:34:45.528Z
2093098.426423385739326,716546.077926650643349,230,Trash Can,,f9f8b946-d978-449b-912b-747fe82868f2,2019-04-25T15:34:45.700Z
2093081.790629893541336,716444.905884891748428,231,Cultural Features,Yates Mill stone dam,bc2acab5-8c47-434f-a610-8c4fa94c3746,2019-04-25T15:34:45.871Z
2093136.72162239253521,716497.482551395893097,232,Cultural Features,Historic property plaques,ceb022ea-d87d-476e-a7ba-e812f0469882,2019-04-25T15:34:45.981Z
2093037.179826721549034,716905.686459392309189,233,Other,Rain garden,56f28177-4dbe-4a12-866c-c80e65684e78,2019-04-25T15:34:46.106Z
2092946.669837132096291,717053.998498722910881,234,Kiosk,,ff132949-8489-46a2-9c42-7303c4ef59fb,2019-04-25T15:34:46.215Z
2092840.810140714049339,716959.960300981998444,235,Trash Can,,935d6757-24d0-4384-9195-fe5835578ac3,2019-04-25T15:34:46.356Z
2092845.232047885656357,716859.378153055906296,236,Trash Can,,ecdebb76-9c01-4faa-b407-85a5006126ee,2019-04-25T15:34:46.481Z
2092906.303119972348213,716907.358043983578682,237,Point of Interest,Boulder garden,4c14abcf-dbe0-4ed7-b4e4-d1a0928c0495,2019-04-25T15:34:46.653Z
2092712.693599060177803,717216.308541566133499,238,Kiosk,,3852cda3-6643-4164-bf54-6ed47742d66b,2019-04-25T15:34:46.778Z
2092867.693945214152336,716987.920546889305115,239,Restrooms,,1c2aefe1-6f92-4007-afed-1fb0eb16ec7a,2019-04-25T15:34:46.935Z
2092836.933836132287979,716935.688367888331413,240,Kiosk,,9b21dd0b-5715-4e26-baac-2b6429975f5e,2019-04-25T15:34:47.074Z
2092622.417204797267914,716990.957614317536354,241,Boat Launch,,5e1f66d6-c601-4276-9da2-6c354dff137e,2019-04-25T15:34:47.327Z
2092888.487866893410683,716161.008486807346344,242,Boat Launch,,f680a595-b0f6-431f-bf76-d85149588b41,2019-04-25T15:34:47.559Z
2093005.462370470166206,716300.571527898311615,243,Gazebo/Overlook,"Mill overlook deck, trash can here as well",2174c8a7-d901-45d8-9151-1a145b1f4073,2019-04-25T15:34:47.715Z
2092706.029570385813713,717155.094753220677376,244,Other,Rain garden,08bfd087-17f8-4e23-be4b-b6fd4c4f13b5,2019-04-25T15:34:47.887Z
2092680.262233465909958,717355.717055395245552,245,Trash Can,,2bed17a6-65d5-4f6a-a6d1-982642dab558,2019-04-25T15:34:48.043Z
2092722.800206139683723,717493.062581226229668,246,Trash Can,,38d190f4-be76-4a5d-ad65-e511ee158075,2019-04-25T15:34:48.153Z
2106554.795836046338081,808274.04834172129631,247,Other,Tot lot,9c96cca4-e959-4f31-b71b-b50a401d3e4d,2019-04-25T15:34:48.278Z
2106203.491092473268509,808167.483594223856926,248,Trash Can,NPA trash can,b74371e3-feff-4d87-b7a2-602f4494379c,2019-04-25T15:34:48.403Z
2106207.050140470266342,808184.6443210542202,249,Picnic Table,NPA picnic table,9436ca39-b954-4895-ad9d-28112423ae34,2019-04-25T15:34:48.528Z
2106196.533101141452789,808157.389454305171967,250,Grill,Cove grill,c145c145-2ac0-4e73-bb2e-322ff1a2c456,2019-04-25T15:34:48.653Z
2106201.059994965791702,808153.835983723402023,251,Picnic Table,Cove picnic table,f8a9bd14-25a6-42e6-8d04-f3374e2cafa7,2019-04-25T15:34:48.965Z
2106216.472037643194199,808144.35667197406292,252,Picnic Table,Cove picnic,14e6b76f-953b-4b48-8ac1-c5cff29c378b,2019-04-25T15:34:49.076Z
2106226.831268891692162,808119.343926727771759,253,Picnic Table,Cove picnic,e2c52a62-bf4f-4fa5-862b-19e4b812d5ce,2019-04-25T15:34:49.199Z
2106205.908082380890846,808075.239684224128723,254,Trash Can,Trash &  recycle,f91bc07f-cba8-4186-9f48-40eba7644d2b,2019-04-25T15:34:49.342Z
2105904.132439225912094,808273.774064064025879,255,Other,Stairs to main field (from t ball),97adb1a1-6f6d-44aa-a248-8a02f4581953,2019-04-25T15:34:49.481Z
2105935.485722973942757,808342.515396401286125,256,Trash Can,,62f88842-b542-41e5-9e46-622192705e8f,2019-04-25T15:34:49.637Z
2105967.555212631821632,808379.757119804620743,257,Kiosk,,02fddc91-14bf-43a2-8b21-086e2953c4e3,2019-04-25T15:34:49.891Z
2106001.677847802639008,808329.993111729621887,258,Trash Can,Trash & recycle,27dfd96b-f7df-4e75-8986-33291ab21fb5,2019-04-25T15:34:50.012Z
2106052.544543966650963,808353.823772728443146,259,Picnic Table,ADA accessible picnic table,9a71df63-096f-4907-a1fe-708f1974282a,2019-04-25T15:34:50.199Z
2105926.796107798814774,808328.653219386935234,260,ADA Parking Spot,,1d8a2f43-2ebd-480d-ad40-50746a34f2b6,2019-04-25T15:34:50.309Z
2105491.88752880692482,808044.611136555671692,261,Point of Interest,Amphitheater ,8780d11f-d625-4113-937f-61ff54a97ff0,2019-04-25T15:34:50.465Z
2105519.53707979619503,808073.270528063178062,262,Trash Can,,688700bd-c0fd-4019-8085-d3cccd05088a,2019-04-25T15:34:50.653Z
2105677.162748798727989,807952.629037067294121,263,ADA Parking Spot,,713026ad-38ec-472e-a8dc-3144522276ba,2019-04-25T15:34:50.762Z
2105677.109599307179451,807943.337060898542404,264,ADA Parking Spot,,39c43041-69d2-4ef8-aaef-0f95d62169fd,2019-04-25T15:34:50.887Z
2106553.185931131243706,808229.288588732481003,265,Other,Stairs to playground parking,787322fc-8f74-44f9-986e-103ec1f586c0,2019-04-25T15:34:51.028Z
2106768.699935808777809,808266.335758730769157,266,Gate/Trailhead,Laurel Loop trailhead,6f3a15ed-4270-493b-a859-9b139d19d018,2019-04-25T15:34:51.231Z
2106576.692773893475533,808187.104617983102798,267,ADA Parking Spot,,aee7cce5-36d3-47f4-8239-f56ab762f369,2019-04-25T15:34:51.371Z
2106567.354537963867188,808174.546244144439697,268,ADA Parking Spot,,0fc0288c-f7c1-46b3-8e03-47ab99826f3d,2019-04-25T15:34:51.527Z
2106422.412570640444756,808157.779873475432396,269,Restrooms,,f857cf58-1c48-45da-8bdb-5fa7ee02e77e,2019-04-25T15:34:51.715Z
2106418.359757214784622,808207.260745644569397,270,Brochure Box,,f4d8ef06-d04d-4da2-8f64-e606090513c5,2019-04-25T15:34:51.918Z
2106422.463095471262932,808219.710523888468742,271,Picnic Table,ADA picnic table,18f3f712-1ef1-4c60-89c6-1e4913877e5b,2019-04-25T15:34:52.027Z
2106429.614984050393105,808208.524194553494453,272,Trash Can,,5c7b76f5-50a9-4cd6-b1fa-2ef9fda46899,2019-04-25T15:34:52.137Z
2105911.075994893908501,808040.230895981192589,273,Trash Can,,666aea40-95d0-42ed-ac4d-77288248457e,2019-04-25T15:34:52.246Z
2105915.088454052805901,808041.770919144153595,274,Gate/Trailhead,To Center from main field,80c67893-9783-4af0-accd-e6d5de2437f7,2019-04-25T15:34:52.390Z
2105419.777108713984489,807687.378911390900612,275,Other,POND: log garden,a87668c7-9614-44db-a64c-f10f9ab16650,2019-04-25T15:34:52.496Z
2105404.130158379673958,807651.685085147619247,276,Other,POND - garden shed,d178ebcd-3c8a-4c7d-9e3f-e2bb7dda812e,2019-04-25T15:34:52.606Z
2105444.900746136903763,807642.388515815138817,277,Other,POND - butterfly garden,68f11392-4e7b-4f13-9b69-db717c04665e,2019-04-25T15:34:52.731Z
2105479.086373299360275,807665.486238643527031,278,Picnic Table,POND - round picnic table,d5777ddb-e0d6-4bb3-be6a-666505f000a3,2019-04-25T15:34:52.953Z
2105504.471821218729019,807682.938631564378738,279,Other,POND - pizza garden,1eb598ab-9931-4024-af46-212280d61ebc,2019-04-25T15:34:53.106Z
2105502.454764887690544,807712.817508816719055,280,Trash Can,,e9dc33c7-3f7c-44f6-9d32-9bd53c9c126f,2019-04-25T15:34:53.231Z
2105513.376659050583839,807724.268273308873177,281,Brochure Box,POND - brochure mailbox,eb960b6f-ee7c-43f4-88f0-a2979c0a5fc2,2019-04-25T15:34:53.340Z
2105488.204793393611908,807757.832510650157928,282,Picnic Table,POND - picnic table (double),2326bbd8-fb2a-4b28-952b-497ce9f83676,2019-04-25T15:34:53.481Z
2105490.569946140050888,807748.443421810865402,283,Picnic Table,POND - picnic table ( double),0249696f-30a2-4cd2-8c94-b049aa4fa475,2019-04-25T15:34:53.590Z
2092101.061620220541954,716173.250916391611099,284,Trash Can,Recycle & trash cans ,0381f154-d249-4eb9-8d16-098934d32428,2019-04-25T15:34:53.731Z
2092930.229909390211105,716142.553471222519875,285,Trash Can,Trash& recycling ,97462f13-d2c6-477b-a83b-5eb7d8bce7f0,2019-04-25T15:34:53.856Z
2093205.4075086414814,716395.016220897436142,286,Other,Bridge over creek below dam,9cbc57d5-6683-4855-8f93-1700f668de29,2019-04-25T15:34:54.013Z
2090545.928903713822365,717987.035346567630768,287,Other,bridge,122351b4-79ff-4c7b-a626-a7c67c0bbbdf,2019-04-25T15:34:54.137Z
2090423.638137802481651,717927.464599564671516,288,Other,bridge,2de846eb-f344-471e-bef8-b4c43308f0d6,2019-04-25T15:34:54.247Z
2089960.054747387766838,717983.632138147950172,289,Other,bridge,74efb856-2c63-47fb-94b2-999f39f3e8d6,2019-04-25T15:34:54.372Z
2089660.396225973963737,718081.861928567290306,290,Other,bridge,c361caa3-00e3-4946-9ceb-39e34628915e,2019-04-25T15:34:54.497Z
2088986.664305716753006,718164.392275303602219,291,Other,bridge,58b8dbeb-6d79-4c1f-85da-85bcf4ce31bc,2019-04-25T15:34:54.606Z
2125635.097898468375206,786315.431497886776924,292,ADA Parking Spot,,e678b25b-4655-4512-b1a4-02bf7f417823,2019-04-25T15:34:54.731Z
2125647.080157965421677,786307.491225063800812,293,ADA Parking Spot,,f1139268-4124-4d6f-9ae0-215c8d4a13cd,2019-04-25T15:34:54.872Z
2125774.839416891336441,786359.213890641927719,294,Trash Can,Recycle,bfec1508-d686-412a-93ce-493f96636b90,2019-04-25T15:34:54.981Z
2125775.539218634366989,786364.111518651247025,295,Trash Can,,ab1ea3f4-f991-4619-9f74-170be2770e05,2019-04-25T15:34:55.106Z
2125800.201570883393288,786400.492679476737976,296,Trash Can,,d851d847-205c-48bb-83a1-543603f16f60,2019-04-25T15:34:55.215Z
2125812.62018121778965,786350.29363289475441,297,Trash Can,,aa22dee4-8007-4af6-9347-ba408c98dd8a,2019-04-25T15:34:55.340Z
2125563.239118307828903,786435.911571890115738,298,Trash Can,,a3792226-791f-448d-a3c0-2dc6bebda446,2019-04-25T15:34:55.512Z
2125505.812723964452744,786433.469647645950317,299,Water Fountain,,01eb3cb1-27af-4bc6-8fec-05fd5dd1365d,2019-04-25T15:34:55.653Z
2125495.484332546591759,786428.269198730587959,300,Trash Can,86it decorative trash can,e79b5a46-bfa9-4d55-ae47-a5b31398fe01,2019-04-25T15:34:55.793Z
2125489.098846644163132,786441.346600398421288,301,Trash Can,Recycle,c157b593-8130-4511-99e5-6e133179ade2,2019-04-25T15:34:55.918Z
2125488.130344644188881,786441.525405809283257,302,Trash Can,,2aa108d7-19b4-4ab5-836c-b4fcbd94ce4f,2019-04-25T15:34:56.028Z
2125449.86992247402668,786449.752751559019089,303,Trash Can,,581a08e4-a89e-4538-8670-027144af9d31,2019-04-25T15:34:56.184Z
2125464.178620889782906,786365.663680896162987,304,ADA Parking Spot,,006c4502-ff15-4012-b9a0-8126a545f0b9,2019-04-25T15:34:56.343Z
2125447.585806310176849,786365.498983055353165,305,ADA Parking Spot,,2cf9313f-a842-4f2a-9ffc-a1f44f090234,2019-04-25T15:34:56.483Z
2124413.786036640405655,786464.113943308591843,306,Trash Can,,6028b5f4-bc76-4a7a-98c7-2aff47bf9aab,2019-04-25T15:34:56.592Z
2124455.245599389076233,786455.435811057686806,307,ADA Parking Spot,,f920294a-324c-4586-8dd7-5e473776bb4a,2019-04-25T15:34:56.715Z
2124473.664525806903839,786456.841976225376129,308,ADA Parking Spot,,ce56b139-8202-44b7-8b68-37876ed918d5,2019-04-25T15:34:56.841Z
2124559.147950634360313,786456.491583228111267,309,Trash Can,Recycle ,242db58c-ae4a-4654-9149-7148a19cac0c,2019-04-25T15:34:56.965Z
2123912.947799474000931,786438.428627222776413,310,Other,Bridge over creek,c71423c6-0af4-4c06-869d-5d92b3327409,2019-04-25T15:34:57.075Z
2123262.020951718091965,786606.173698559403419,311,Other,Bridge,961172b9-7b0c-4348-a6b9-63417135caa6,2019-04-25T15:34:57.184Z
2123505.010951310396194,785840.75134488940239,312,Other,Bridge: small footbridge,df58001b-344a-4495-b8ba-c6d21c8b47c7,2019-04-25T15:34:57.434Z
2123970.068092048168182,786407.532691642642021,313,Other,Bridge: small footbridge,c14f18d7-d1df-418e-aeba-0b57d83fc026,2019-04-25T15:34:57.622Z
2123968.278725549578667,786413.902101472020149,314,Other,Bridge: small footbridge,41f9f89f-122b-4aa2-b7dc-42a8ac9c7c98,2019-04-25T15:34:57.766Z
2124861.60075780749321,786418.836802899837494,315,Other,Bridge over drainage rocks,0d09d651-e4d8-4f7b-ada9-f2d100805a11,2019-04-25T15:34:57.935Z
2125120.582195222377777,786409.993972808122635,316,Trash Can,,79d4f9d4-eb35-483f-bcf5-8e55e5a80a62,2019-04-25T15:34:58.090Z
2103591.908717215061188,808793.475780561566353,317,Other,Bridge 1,c725f5f7-8009-431a-9ff9-ae4916d802d0,2019-04-25T15:34:58.200Z
2105157.75958813726902,804740.740119650959969,318,Other,Bridge 12,3aa5ed46-f3a6-48ea-842f-01953eb12e37,2019-04-25T15:34:58.325Z
2106924.26819421350956,808051.178380638360977,319,Gazebo/Overlook,Overlook,04d258b3-a949-49dd-af68-2e4d529af3e6,2019-04-25T15:34:58.434Z
2069499.044160306453705,707054.470597565174103,320,Trash Can,Can+Dog waste bag kiosk,5a9218f5-4f63-4044-a039-b84ccae1b474,2019-04-25T15:34:58.575Z
2069252.820571392774582,707971.331296637654305,321,Trash Can,,86a7f316-f7d6-48f7-b4a6-8efb7f59f055,2019-04-25T15:34:58.684Z
2069442.479968965053558,707927.865832388401031,322,Picnic Table,Two tables,59b0d859-6bd5-4dae-a1b4-df39fd6075f1,2019-04-25T15:34:58.809Z
2069517.062496975064278,708016.096627056598663,323,Water Fountain,,9991c237-702b-4dcf-96ca-be8d535c6ee2,2019-04-25T15:34:59.123Z
2069519.972268059849739,708003.350261479616165,324,Trash Can,,ad4f9e7c-d1bf-4012-8216-11103d2e4169,2019-04-25T15:34:59.342Z
2069569.959700882434845,708298.751901641488075,325,Kiosk,Dog waste bag kiosk,ba2f41d2-be71-4f9e-897a-a8357f0b3b59,2019-04-25T15:34:59.450Z
2070064.086337298154831,708082.165392562747002,326,Gazebo/Overlook,With three pads and Metal swing,e91d7316-641b-41e2-9df5-2dbf70375184,2019-04-25T15:34:59.559Z
2069697.69304122030735,707998.770218148827553,327,Trash Can,,d8d9057f-d2da-414a-a2b7-f0721ee6fcfe,2019-04-25T15:34:59.684Z
2069645.551413223147392,707894.459075063467026,328,Trash Can,,8ad76969-a923-430e-b496-8d456569784a,2019-04-25T15:34:59.793Z
2069627.307027131319046,707779.443557053804398,329,Trash Can,,0045bf70-9523-4b0a-80e5-2d68e836dfa4,2019-04-25T15:34:59.934Z
2069569.113902047276497,707824.047142401337624,330,Trash Can,Recycle cans(2) + trash,7f466b89-79bc-4c2f-9a32-43eb96b6631a,2019-04-25T15:35:00.059Z
2069739.61060830950737,707617.081348970532417,331,Trash Can,,8d885259-5ccb-442b-a33f-fea316ed7a63,2019-04-25T15:35:00.153Z
2069847.92699271440506,707289.383185476064682,332,Trash Can,,355ad7a6-a327-46bf-8fe1-29b49dad684f,2019-04-25T15:35:00.278Z
2070104.089210048317909,707827.160653233528137,333,Trash Can,,97de9955-3202-4812-bee1-f2f2053cbe41,2019-04-25T15:35:00.390Z
2070084.559393465518951,707824.291892558336258,334,Picnic Table,,13af48de-0cae-4324-a340-c252fd9b7b2b,2019-04-25T15:35:00.497Z
2070076.521679893136024,707834.401780471205711,335,Gazebo/Overlook,,98e9b025-432b-4488-931e-b93c22ebc437,2019-04-25T15:35:00.622Z
2069913.869446143507957,707603.773304730653763,336,Kiosk,Dog waste bags,78f15cd7-17ce-4d32-9343-b7d21a016562,2019-04-25T15:35:00.747Z
2069632.161020055413246,706841.368989646434784,337,Kiosk,Dog waste bags,0bf53100-c663-41cc-8844-cc4e8a4074ab,2019-04-25T15:35:00.919Z
2061380.461644217371941,761026.974857062101364,338,Cultural Features,Park Office,8d30e146-be65-4c33-b617-4c8eb6d3289c,2019-04-25T15:35:01.050Z
2069801.919210717082024,707053.00570547580719,339,Grill,,e6024251-c736-4285-b63e-5deeb5aa9b61,2019-04-25T15:35:01.169Z
2069805.345056891441345,707047.011622980237007,340,Trash Can,,80eea7c8-8e5b-4dcb-a5f2-4a3f41307344,2019-04-25T15:35:01.309Z
2069840.540852636098862,707244.944626063108444,341,Water Fountain,,203f5fea-f5ef-4750-a100-66109f1b0528,2019-04-25T15:35:01.419Z
2069848.288212463259697,707241.958083480596542,342,Trash Can,Trash&recycling,2c8e6756-8423-4014-b950-e2875a7655c0,2019-04-25T15:35:01.575Z
2069744.651936799287796,707203.040182307362556,343,Trash Can,,2d64ae2b-5253-448f-aa37-63d42a297ac0,2019-04-25T15:35:01.700Z
2069889.480715394020081,708119.767679557204247,344,Grill,,355fa87a-1735-4c48-9afd-5e8478935486,2019-04-25T15:35:01.856Z
2069880.273056641221046,708121.066561475396156,345,Trash Can,Trash&recycling,ac3f1257-d187-4463-b60a-015a7b7a828b,2019-04-25T15:35:02.044Z
2069849.565112799406052,708065.676580399274826,346,Trash Can,,2944605e-81eb-49c2-b505-70566a807953,2019-04-25T15:35:02.169Z
2069640.613759055733681,707920.548261731863022,347,Grill,,3b2690d9-bbdc-428c-b5f3-150ff8dc755a,2019-04-25T15:35:02.325Z
2069540.026361808180809,707821.582908481359482,348,Grill,,07afa5af-15af-407e-a191-cc4cf3b6466b,2019-04-25T15:35:02.466Z
2091733.218851968646049,717913.014497220516205,349,Kiosk,,c5faefe7-6061-4dbb-801b-95df39d1a9fa,2019-04-25T15:35:02.591Z
2174260.894675552845001,752923.78240205347538,350,Trash Can,,09aaad5c-19fe-4526-99cd-c6b8152c1ed9,2019-05-20T20:15:26.835Z
2174260.71390163898468,752920.978273808956146,351,Trash Can,,00ab8201-ef9b-4352-9e7c-311020bac0ad,2019-05-20T20:15:09.582Z
2174323.565481975674629,752913.62756672501564,352,Other,Bridge,55ce90e7-042b-423a-bcaf-e36af62840a2,2019-05-20T20:13:35.157Z
2174360.518492057919502,752921.545201808214188,353,Other,Boat wash station,700da985-300d-4062-9ed7-70563ff9893f,2019-05-20T20:17:39.071Z
2174383.420677214860916,752929.124911054968834,354,Kiosk,,78554d67-39ec-4528-a470-58e735c02be6,2019-05-20T20:18:01.485Z
2174457.411670967936516,752915.634124398231506,355,Restrooms,Portable ,b62804da-4812-4278-bca6-68a820d5bd37,2019-05-20T20:19:03.448Z
2174247.30283921957016,752793.249854728579521,356,Signage,Hours,d5a6535c-c4a5-443e-9493-514579ee1781,2019-05-20T20:22:13.840Z
2172031.045132637023926,728476.215155556797981,357,Picnic Table,,9438cea6-0285-4868-9df7-73150d88f80c,2019-05-20T13:29:37.213Z
2172007.018933966755867,728480.651170313358307,358,Restrooms,,aa10d35e-4029-42ff-9293-7710725281e6,2019-05-20T13:30:19.333Z
2172012.357834056019783,728494.854225888848305,359,Trash Can,,16f134c3-6785-4fc0-9a24-c77cd6f62b3e,2019-05-20T13:30:58.734Z
2172012.088149547576904,728489.910010054707527,360,ADA Parking Spot,,da5bb2f6-0c13-4269-94cf-bbaaf34e7ea8,2019-05-20T13:31:20.172Z
2172015.988404214382172,728477.927422478795052,361,ADA Parking Spot,,70724b9b-85ea-443e-92a8-cf77f0e91177,2019-05-20T13:31:45.177Z
2171847.012364223599434,728538.204532891511917,362,Gate/Trailhead,Park gate,88161c35-db71-4a24-8dda-4e569438651f,2019-05-20T13:32:55.813Z
2171828.702689558267593,728526.260002970695496,363,Signage,Pleasants Road Entrance,2b320818-348a-4432-91be-6cff8bc24232,2019-05-20T13:33:46.653Z
2172010.270239800214767,728494.597992807626724,364,Kiosk,,5c6a2008-ba78-4089-b1b0-7238602b8321,2019-05-20T13:36:15.721Z
2172010.15278597176075,728495.520891234278679,365,Brochure Box,,d8dfcea4-b38c-409b-9f86-0c864ebf7c82,2019-05-20T13:36:41.727Z
2172009.589794963598251,728497.474955558776855,366,Signage,Park regulations ,1a719606-af78-4494-88eb-f9b529087a6e,2019-05-20T13:37:52.628Z
2172023.936222970485687,728505.002171471714973,367,Picnic Table,,feaaa361-60ed-4140-bbbe-cd86cbb96eb3,2019-05-20T13:39:04.507Z
2172543.818713381886482,726572.016536146402359,368,Other,Bench,d369b85b-1247-45d2-81dd-ee3ed32900e7,2019-05-20T13:55:18.952Z
2172454.965216547250748,726743.495195806026459,369,Other,Bench,de187f95-ba82-46fc-b0e0-129003317c88,2019-05-20T13:56:26.786Z
2172814.18890754878521,727202.530038893222809,370,Gazebo/Overlook,,d4dccc00-c701-4c32-9f24-67eb7515ef25,2019-05-20T14:00:28.759Z
2172824.813558220863342,728350.523805901408195,371,Signage,Beautiful wild meadows at TNP,66cedd88-8e13-4cce-87e3-3cde415a91e2,2019-05-20T14:29:03.548Z
2172697.266569226980209,728241.755650728940964,372,Other,Bench,560c3a6e-2d27-421f-a734-8dc8c7bb0855,2019-05-20T14:30:54.033Z
2172972.10493029654026,728637.570475891232491,373,Picnic Table,,e8878c5d-46bc-4ffb-a1b3-855019b932a0,2019-05-20T14:33:03.425Z
2172725.332129880785942,728880.277339562773705,374,Other,Bench,b661dcaf-82d4-4864-af3f-9edb1683e85e,2019-05-20T14:35:12.331Z
2172592.859297722578049,728640.502228558063507,375,Picnic Table,,40b22080-ee8f-4472-9e14-24bb877bd7c7,2019-05-20T14:36:28.682Z
2172985.219077304005623,725718.242325067520142,376,Signage,Pedestrian crossing ,af59a4bb-c98c-48cc-8c3c-6f0f67052bfd,2019-05-20T15:12:50.745Z
2172981.729254886507988,725677.185976728796959,377,Signage,Pedestrian crossing,02bb57c3-f332-4a5c-aa14-afcaa7bfa971,2019-05-20T15:14:10.748Z
2172883.981746971607208,725752.779985651373863,378,Picnic Table,,0718989a-4d58-49c2-867e-eb0707709c0e,2019-05-20T15:14:49.240Z
2172795.095441803336143,725746.78163805603981,379,Picnic Table,,f72ee0f0-d016-4992-9e25-69fbff3f764b,2019-05-20T15:15:27.101Z
2172803.380202129483223,725754.930571898818016,380,Picnic Table,,010d91cd-5d8a-451e-9ce3-cb5093215611,2019-05-20T15:15:41.449Z
2172696.742948219180107,725709.303366556763649,381,Picnic Table,,92523028-03ad-400c-a80d-3c79e817b3f8,2019-05-20T15:16:28.692Z
2172671.160650297999382,725660.582007303833961,382,ADA Parking Spot,,cae3b0ef-260c-4933-9f0b-555bba9d3467,2019-05-20T15:17:32.764Z
2172656.651164889335632,725649.284785807132721,383,ADA Parking Spot,,0fa0a8fa-2de6-4bd6-a091-829a75c9144d,2019-05-20T15:17:46.368Z
2172649.859839886426926,725666.39137889444828,384,Trash Can,,b8c1a3f7-d654-4e0e-8c84-eae41aa2f69a,2019-05-20T15:18:01.111Z
2172645.563916712999344,725669.401871562004089,385,Restrooms,,637ee9af-466f-41f2-bc4b-0d2bf1c4780f,2019-05-20T15:18:14.315Z
2172558.987646296620369,725676.65940298140049,386,Kiosk,,8a6eca13-e33a-4bec-ae51-1f18a8e2a730,2019-05-20T15:18:49.799Z
2172551.093305140733719,725674.050156220793724,387,Brochure Box,,46eb621d-4abb-4b84-bcf7-62b7829fffd0,2019-05-20T15:19:01.449Z
2172557.099526718258858,725667.785076901316643,388,Signage,Park regulations ,8115b2ea-4c46-4535-84a1-9d2ec40e7e96,2019-05-20T15:19:25.799Z
2172496.4454485476017,725606.349504232406616,389,Trash Can,,70a9c14c-9ac5-4139-8765-86431c8339a1,2019-05-20T15:19:58.636Z
2172462.213889718055725,725564.869272232055664,390,Picnic Table,,c1f92e86-a1e0-43f1-b7e3-533e090a1369,2019-05-20T15:20:20.283Z
2172414.643118724226952,725571.333498150110245,391,Picnic Table,,9f8eb22d-5059-46a0-97f4-400809633cbc,2019-05-20T15:20:43.563Z
2172371.822338223457336,725509.971744224429131,392,Picnic Table,,76ae14fa-5428-4460-ad9c-b6defe7d8e80,2019-05-20T15:21:15.387Z
2172360.767898380756378,725528.80799263715744,393,Picnic Table,,5c095aae-2b48-4b4a-817f-92ed3eb7d58f,2019-05-20T15:21:40.163Z
2172352.874869555234909,725547.204937472939491,394,Picnic Table,,31a0c00a-7b6a-46ad-b599-8ea828dfc8e5,2019-05-20T15:21:55.365Z
2173653.925088971853256,726289.368479400873184,395,Gate/Trailhead,,649aa92b-6fd0-4641-a4f3-3abb105b7c05,2019-05-20T18:41:40.727Z
2173503.920795798301697,726153.768684983253479,396,Signage,Open/close time,769b5fc8-6332-4a6b-9b20-b8af9781e19c,2019-05-20T18:42:49.556Z
2174187.980779379606247,752872.519709303975105,397,Boat Launch,,d5a3d41f-d329-4b28-9467-fd3a273b785e,2019-05-20T20:20:38.415Z
2174261.598742380738258,752955.646839648485184,398,Fishing Pier/Platform,,2689ffe9-c228-4070-99ef-7c31e16e9b99,2019-05-20T20:21:57.187Z
2176789.223936468362808,726737.65728098154068,399,Signage,Hunt Valley Entrance,539af37a-0087-4bcf-94c6-85876bc86028,2019-05-20T15:01:18.662Z
2176746.066214382648468,726655.433692142367363,400,Gate/Trailhead,,8323a5c0-49a6-489b-ac22-7cab30db9c7f,2019-05-20T15:01:48.887Z
2176702.847468808293343,726653.862501055002213,401,Gate/Trailhead,,f3e445f3-eefc-460f-a479-fc9e71bef8b5,2019-05-20T15:02:07.709Z
2176708.980658635497093,726601.66673931479454,402,Signage,Open/close time,dd42f7d2-7a23-4f37-a46c-a7b68cb6dd57,2019-05-20T15:02:40.529Z
2176693.47215947508812,726661.891356393694878,403,Signage,Park regulations ,1d585c71-c8a0-4d38-a5ef-99e354df6865,2019-05-20T15:03:18.259Z
2176678.603094726800919,726727.474558562040329,404,Signage,One way,8491469d-9f5f-44c1-90da-a59cfbcc70e8,2019-05-20T15:03:54.673Z
2176803.4896559715271,726751.899378478527069,405,Signage,Keep right/no smoking,0d8865e3-bc93-421e-a897-a8f107251ebf,2019-05-20T18:36:44.216Z
2176066.503597140312195,726480.478661477565765,406,Signage,Speed limit,6d8a31ad-92cc-45c3-b0b7-418308fcd4f0,2019-05-20T18:38:00.342Z
2175372.039434880018234,726496.86904864013195,407,Signage,Speed limit,e84f1d79-cb3e-41ab-b44e-77b3d6b9c87a,2019-05-20T18:39:06.961Z
2174992.822017475962639,726574.046059638261795,408,Signage,Speed limit,102c5f77-e98f-49b7-bb82-922163af8b56,2019-05-20T18:40:13.901Z
2176789.223936468362808,726737.65728098154068,409,Signage,Hunt Valley Entrance,5e1fc6aa-dc9e-41a3-b170-26b8e14ef05f,2019-05-20T15:01:18.662Z
2176746.066214382648468,726655.433692142367363,410,Gate/Trailhead,,a6db54d3-c4ae-4bca-95d3-422d6cecb78e,2019-05-20T15:01:48.887Z
2176702.847468808293343,726653.862501055002213,411,Gate/Trailhead,,6ef5d0ed-887b-4e85-b7a0-c40d93059442,2019-05-20T15:02:07.709Z
2176708.980658635497093,726601.66673931479454,412,Signage,Open/close time,1b98c61c-870a-4771-a276-808eaadcfd77,2019-05-20T15:02:40.529Z
2176693.47215947508812,726661.891356393694878,413,Signage,Park regulations ,c0a46694-55a5-4c9a-8fdf-36b82862edba,2019-05-20T15:03:18.259Z
2176678.603094726800919,726727.474558562040329,414,Signage,One way,8bc7016f-bb3d-4388-971c-7bd921f48b96,2019-05-20T15:03:54.673Z
2176803.4896559715271,726751.899378478527069,415,Signage,Keep right/no smoking,84641a69-d782-400b-98bb-ed144497d10a,2019-05-20T18:36:44.216Z
2176066.503597140312195,726480.478661477565765,416,Signage,Speed limit,174af686-6738-4e5b-9de5-dad32fdd50e9,2019-05-20T18:38:00.342Z
2175372.039434880018234,726496.86904864013195,417,Signage,Speed limit,cfcd9a6d-7694-4006-b50d-8f1d82f60cce,2019-05-20T18:39:06.961Z
2174992.822017475962639,726574.046059638261795,418,Signage,Speed limit,ee482602-5cff-46b0-9ea4-0c13650a2f2d,2019-05-20T18:40:13.901Z
