<?xml version="1.0"?>
<!--<!DOCTYPE metadata SYSTEM "http://www.esri.com/metadata/esriprof80.dtd">-->
<metadata xml:lang="en"><Esri><CreaDate>20110511</CreaDate><CreaTime>13323600</CreaTime><SyncOnce>FALSE</SyncOnce><DataProperties><lineage><Process Name="Create Feature Class" ToolSource="C:\Program Files\ArcGIS\ArcToolbox\Toolboxes\Data Management Tools.tbx\CreateFeatureclass" Date="20070423" Time="165729">CreateFeatureclass S:\GIS\Demographics\Census_2000\CensusData.mdb\Demographics2000 CensusTracks # Tracts00_Layer SAME_AS_TEMPLATE SAME_AS_TEMPLATE "{B286C06B-0879-11D2-AACA-00C04FA33C20};1561341.685856 195633.560856 1953.12499818101;0 100000;0 100000" # 0 0 0 S:\GIS\Demographics\Census_2000\CensusData.mdb\Demographics2000\CensusTracks</Process><Process Name="Append" ToolSource="C:\Program Files\ArcGIS\ArcToolbox\Toolboxes\Data Management Tools.tbx\Append" Date="20070423" Time="165730">Append Tracts00_Layer S:\GIS\Demographics\Census_2000\CensusData.mdb\Demographics2000\CensusTracks TEST S:\GIS\Demographics\Census_2000\CensusData.mdb\Demographics2000\CensusTracks</Process><Process Name="FeatureClassToFeatureClass_3" ToolSource="C:\Program Files\ArcGIS\ArcToolbox\Toolboxes\Conversion Tools.tbx\FeatureClassToFeatureClass" Date="20070423" Time="165730">FeatureClassToFeatureClass S:\GIS\Demographics\Census_2000\Tracts00.shp S:\GIS\Demographics\Census_2000\CensusData.mdb\Demographics2000 CensusTracks # "AREA AREA VISIBLE;PERIMETER PERIMETER VISIBLE;TRACT_ TRACT_ VISIBLE;TRACT_ID TRACT_ID VISIBLE;RINGS_OK RINGS_OK VISIBLE;RINGS_NOK RINGS_NOK VISIBLE;ID ID VISIBLE;FIPSSTCO FIPSSTCO VISIBLE;TRT2000 TRT2000 VISIBLE;STFID STFID VISIBLE;TRACTID TRACTID VISIBLE;TRACT TRACT VISIBLE;OID_ OID_ VISIBLE;STATE STATE VISIBLE;COUNTY COUNTY VISIBLE;TRACT_1 TRACT_1 VISIBLE;STFID_1 STFID_1 VISIBLE;POP2000 POP2000 VISIBLE;WHITE WHITE VISIBLE;BLACK BLACK VISIBLE;AMERI_ES AMERI_ES VISIBLE;ASIAN ASIAN VISIBLE;HAWN_PI HAWN_PI VISIBLE;OTHER OTHER VISIBLE;MULT_RACE MULT_RACE VISIBLE;HISPANIC HISPANIC VISIBLE;MALES MALES VISIBLE;FEMALES FEMALES VISIBLE;AGE_UNDER5 AGE_UNDER5 VISIBLE;AGE_5_17 AGE_5_17 VISIBLE;AGE_18_21 AGE_18_21 VISIBLE;AGE_22_29 AGE_22_29 VISIBLE;AGE_30_39 AGE_30_39 VISIBLE;AGE_40_49 AGE_40_49 VISIBLE;AGE_50_64 AGE_50_64 VISIBLE;AGE_65_UP AGE_65_UP VISIBLE;MED_AGE MED_AGE VISIBLE;MED_AGE_M MED_AGE_M VISIBLE;MED_AGE_F MED_AGE_F VISIBLE;HOUSEHOLDS HOUSEHOLDS VISIBLE;AVE_HH_SZ AVE_HH_SZ VISIBLE;HSEHLD_1_M HSEHLD_1_M VISIBLE;HSEHLD_1_F HSEHLD_1_F VISIBLE;MARHH_CHD MARHH_CHD VISIBLE;MARHH_NO_C MARHH_NO_C VISIBLE;MHH_CHILD MHH_CHILD VISIBLE;FHH_CHILD FHH_CHILD VISIBLE;FAMILIES FAMILIES VISIBLE;AVE_FAM_SZ AVE_FAM_SZ VISIBLE;HSE_UNITS HSE_UNITS VISIBLE;URBAN URBAN VISIBLE;RURAL RURAL VISIBLE;VACANT VACANT VISIBLE;OWNER_OCC OWNER_OCC VISIBLE;RENTER_OCC RENTER_OCC VISIBLE" SAME_AS_TEMPLATE SAME_AS_TEMPLATE # 0 S:\GIS\Demographics\Census_2000\CensusData.mdb\Demographics2000\CensusTracks</Process><Process ToolSource="C:\Program Files\ArcGIS\ArcToolbox\Toolboxes\Conversion Tools.tbx\FeatureClassToFeatureClass" Date="20110511" Time="133126">FeatureClassToFeatureClass Y:\Shapes\Planning\CensusData.mdb\Demographics2000\CensusTracts Y:\Shapes\Demographics Tracts2000.shp # "FIPSSTCO 'FIPSSTCO' true true false 5 Text 0 0 ,First,#,Y:\Shapes\Planning\CensusData.mdb\Demographics2000\CensusTracts,FIPSSTCO,-1,-1;TRT2000 'TRT2000' true true false 6 Text 0 0 ,First,#,Y:\Shapes\Planning\CensusData.mdb\Demographics2000\CensusTracts,TRT2000,-1,-1;STFID 'STFID' true true false 11 Text 0 0 ,First,#,Y:\Shapes\Planning\CensusData.mdb\Demographics2000\CensusTracts,STFID,-1,-1;TRACTID 'TRACTID' true true false 10 Text 0 0 ,First,#,Y:\Shapes\Planning\CensusData.mdb\Demographics2000\CensusTracts,TRACTID,-1,-1;TRACT 'TRACT' true true false 8 Double 0 0 ,First,#,Y:\Shapes\Planning\CensusData.mdb\Demographics2000\CensusTracts,TRACT,-1,-1;STATE 'STATE' true true false 2 Text 0 0 ,First,#,Y:\Shapes\Planning\CensusData.mdb\Demographics2000\CensusTracts,STATE,-1,-1;COUNTY 'COUNTY' true true false 3 Text 0 0 ,First,#,Y:\Shapes\Planning\CensusData.mdb\Demographics2000\CensusTracts,COUNTY,-1,-1;POP2000 'POP2000' true true false 4 Long 0 0 ,First,#,Y:\Shapes\Planning\CensusData.mdb\Demographics2000\CensusTracts,POP2000,-1,-1;Shape_Leng 'Shape_Length' false true true 8 Double 0 0 ,First,#,Y:\Shapes\Planning\CensusData.mdb\Demographics2000\CensusTracts,Shape_Length,-1,-1;Shape_Area 'Shape_Area' false true true 8 Double 0 0 ,First,#,Y:\Shapes\Planning\CensusData.mdb\Demographics2000\CensusTracts,Shape_Area,-1,-1" # Y:\Shapes\Demographics\Tracts2000.shp</Process></lineage></DataProperties><SyncDate>20110511</SyncDate><SyncTime>13312500</SyncTime><ModDate>20110511</ModDate><ModTime>13312500</ModTime><MetaID>{56459AD6-25D8-4540-AFD0-7586EB4B8C8E}</MetaID></Esri><idinfo><native Sync="TRUE">Microsoft Windows XP Version 5.1 (Build 2600) Service Pack 3; ESRI ArcCatalog 9.3.1.4000</native><descript><langdata Sync="TRUE">en</langdata><abstract>REQUIRED: A brief narrative summary of the data set.</abstract><purpose>REQUIRED: A summary of the intentions with which the data set was developed.</purpose></descript><citation><citeinfo><origin>REQUIRED: The name of an organization or individual that developed the data set.</origin><pubdate>REQUIRED: The date when the data set is published or otherwise made available for release.</pubdate><title Sync="TRUE">Tracts2000</title><ftname Sync="TRUE">Tracts2000</ftname><geoform Sync="TRUE">vector digital data</geoform><onlink Sync="TRUE">\\data2\gis\Zipped Shapes\RenamedZippedShapes\MISCELLANEOUS\Tracts2000_DD</onlink></citeinfo></citation><timeperd><current>REQUIRED: The basis on which the time period of content information is determined.</current><timeinfo><sngdate><caldate>REQUIRED: The year (and optionally month, or month and day) for which the data set corresponds to the ground.</caldate></sngdate></timeinfo></timeperd><status><progress>REQUIRED: The state of the data set.</progress><update>REQUIRED: The frequency with which changes and additions are made to the data set after the initial data set is completed.</update></status><spdom><bounding><westbc Sync="TRUE">REQUIRED: Western-most coordinate of the limit of coverage expressed in longitude.</westbc><eastbc Sync="TRUE">REQUIRED: Eastern-most coordinate of the limit of coverage expressed in longitude.</eastbc><northbc Sync="TRUE">REQUIRED: Northern-most coordinate of the limit of coverage expressed in latitude.</northbc><southbc Sync="TRUE">REQUIRED: Southern-most coordinate of the limit of coverage expressed in latitude.</southbc></bounding></spdom><keywords><theme><themekt>REQUIRED: Reference to a formally registered thesaurus or a similar authoritative source of theme keywords.</themekt><themekey>REQUIRED: Common-use word or phrase used to describe the subject of the data set.</themekey></theme></keywords><accconst>REQUIRED: Restrictions and legal prerequisites for accessing the data set.</accconst><useconst>REQUIRED: Restrictions and legal prerequisites for using the data set after access is granted.</useconst><natvform Sync="TRUE">Shapefile</natvform></idinfo><dataIdInfo><envirDesc Sync="TRUE">Microsoft Windows XP Version 5.1 (Build 2600) Service Pack 3; ESRI ArcCatalog 9.3.1.4000</envirDesc><dataLang><languageCode Sync="TRUE" value="en"></languageCode></dataLang><idCitation><resTitle Sync="TRUE">Tracts2000</resTitle><presForm><PresFormCd Sync="TRUE" value="005"></PresFormCd></presForm></idCitation><spatRpType><SpatRepTypCd Sync="TRUE" value="001"></SpatRepTypCd></spatRpType></dataIdInfo><metainfo><langmeta Sync="TRUE">en</langmeta><metstdn Sync="TRUE">FGDC Content Standards for Digital Geospatial Metadata</metstdn><metstdv Sync="TRUE">FGDC-STD-001-1998</metstdv><mettc Sync="TRUE">local time</mettc><metextns><onlink Sync="TRUE">http://www.esri.com/metadata/esriprof80.html</onlink><metprof Sync="TRUE">ESRI Metadata Profile</metprof></metextns><metc><cntinfo><cntorgp><cntper>REQUIRED: The person responsible for the metadata information.</cntper><cntorg>REQUIRED: The organization responsible for the metadata information.</cntorg></cntorgp><cntaddr><addrtype>REQUIRED: The mailing and/or physical address for the organization or individual.</addrtype><city>REQUIRED: The city of the address.</city><state>REQUIRED: The state or province of the address.</state><postal>REQUIRED: The ZIP or other postal code of the address.</postal></cntaddr><cntvoice>REQUIRED: The telephone number by which individuals can speak to the organization or individual.</cntvoice></cntinfo></metc><metd Sync="TRUE">20110511</metd></metainfo><mdLang><languageCode Sync="TRUE" value="en"></languageCode></mdLang><mdStanName Sync="TRUE">ISO 19115 Geographic Information - Metadata</mdStanName><mdStanVer Sync="TRUE">DIS_ESRI1.0</mdStanVer><mdChar><CharSetCd Sync="TRUE" value="004"></CharSetCd></mdChar><mdHrLv><ScopeCd Sync="TRUE" value="005"></ScopeCd></mdHrLv><mdHrLvName Sync="TRUE">dataset</mdHrLvName><distinfo><resdesc Sync="TRUE">Downloadable Data</resdesc><stdorder><digform><digtinfo><transize Sync="TRUE">0.000</transize><dssize Sync="TRUE">0.000</dssize></digtinfo></digform></stdorder></distinfo><distInfo><distributor><distorTran><onLineSrc><orDesc Sync="TRUE">002</orDesc><linkage Sync="TRUE">file://\\data2\gis\Zipped Shapes\RenamedZippedShapes\MISCELLANEOUS\Tracts2000_DD</linkage><protocol Sync="TRUE">Local Area Network</protocol></onLineSrc><transSize Sync="TRUE">0.000</transSize></distorTran><distorFormat><formatName Sync="TRUE">Shapefile</formatName></distorFormat></distributor></distInfo><spdoinfo><direct Sync="TRUE">Vector</direct><ptvctinf><esriterm Name="Tracts2000"><efeatyp Sync="TRUE">Simple</efeatyp><efeageom Sync="TRUE">Polygon</efeageom><esritopo Sync="TRUE">FALSE</esritopo><efeacnt Sync="TRUE">0</efeacnt><spindex Sync="TRUE">FALSE</spindex><linrefer Sync="TRUE">FALSE</linrefer></esriterm><sdtsterm Name="Tracts2000"><sdtstype Sync="TRUE">G-polygon</sdtstype><ptvctcnt Sync="TRUE">0</ptvctcnt></sdtsterm></ptvctinf></spdoinfo><spref><horizsys><cordsysn><geogcsn Sync="TRUE">GCS_North_American_1983</geogcsn><projcsn Sync="TRUE">NAD_1983_StatePlane_North_Carolina_FIPS_3200_Feet</projcsn></cordsysn><planar><mapproj><mapprojn Sync="TRUE">Lambert Conformal Conic</mapprojn><lambertc><stdparll Sync="TRUE">34.333333</stdparll><stdparll Sync="TRUE">36.166667</stdparll><longcm Sync="TRUE">-79.000000</longcm><latprjo Sync="TRUE">33.750000</latprjo><feast Sync="TRUE">2000000.002617</feast><fnorth Sync="TRUE">0.000000</fnorth></lambertc></mapproj><planci><plance Sync="TRUE">coordinate pair</plance><plandu Sync="TRUE">survey feet</plandu><coordrep><absres Sync="TRUE">0.000000</absres><ordres Sync="TRUE">0.000000</ordres></coordrep></planci></planar><geodetic><horizdn Sync="TRUE">North American Datum of 1983</horizdn><ellips Sync="TRUE">Geodetic Reference System 80</ellips><semiaxis Sync="TRUE">6378137.000000</semiaxis><denflat Sync="TRUE">298.257222</denflat></geodetic></horizsys></spref><refSysInfo><RefSystem><refSysID><identCode Sync="TRUE">NAD_1983_StatePlane_North_Carolina_FIPS_3200_Feet</identCode></refSysID></RefSystem></refSysInfo><spatRepInfo><VectSpatRep><topLvl><TopoLevCd Sync="TRUE" value="001"></TopoLevCd></topLvl><geometObjs Name="Tracts2000"><geoObjTyp><GeoObjTypCd Sync="TRUE" value="001"></GeoObjTypCd></geoObjTyp><geoObjCnt Sync="TRUE">0</geoObjCnt></geometObjs></VectSpatRep></spatRepInfo><eainfo><detailed Name="Tracts2000"><enttyp><enttypl Sync="TRUE">Tracts2000</enttypl><enttypt Sync="TRUE">Feature Class</enttypt><enttypc Sync="TRUE">0</enttypc></enttyp><attr><attrlabl Sync="TRUE">FID</attrlabl><attalias Sync="TRUE">FID</attalias><attrtype Sync="TRUE">OID</attrtype><attwidth Sync="TRUE">4</attwidth><atprecis Sync="TRUE">0</atprecis><attscale Sync="TRUE">0</attscale><attrdef Sync="TRUE">Internal feature number.</attrdef><attrdefs Sync="TRUE">ESRI</attrdefs><attrdomv><udom Sync="TRUE">Sequential unique whole numbers that are automatically generated.</udom></attrdomv></attr><attr><attrlabl Sync="TRUE">Shape</attrlabl><attalias Sync="TRUE">Shape</attalias><attrtype Sync="TRUE">Geometry</attrtype><attwidth Sync="TRUE">0</attwidth><atprecis Sync="TRUE">0</atprecis><attscale Sync="TRUE">0</attscale><attrdef Sync="TRUE">Feature geometry.</attrdef><attrdefs Sync="TRUE">ESRI</attrdefs><attrdomv><udom Sync="TRUE">Coordinates defining the features.</udom></attrdomv></attr><attr><attrlabl Sync="TRUE">FIPSSTCO</attrlabl><attalias Sync="TRUE">FIPSSTCO</attalias><attrtype Sync="TRUE">String</attrtype><attwidth Sync="TRUE">5</attwidth></attr><attr><attrlabl Sync="TRUE">TRT2000</attrlabl><attalias Sync="TRUE">TRT2000</attalias><attrtype Sync="TRUE">String</attrtype><attwidth Sync="TRUE">6</attwidth></attr><attr><attrlabl Sync="TRUE">STFID</attrlabl><attalias Sync="TRUE">STFID</attalias><attrtype Sync="TRUE">String</attrtype><attwidth Sync="TRUE">11</attwidth></attr><attr><attrlabl Sync="TRUE">TRACTID</attrlabl><attalias Sync="TRUE">TRACTID</attalias><attrtype Sync="TRUE">String</attrtype><attwidth Sync="TRUE">10</attwidth></attr><attr><attrlabl Sync="TRUE">TRACT</attrlabl><attalias Sync="TRUE">TRACT</attalias><attrtype Sync="TRUE">Float</attrtype><attwidth Sync="TRUE">19</attwidth><atnumdec Sync="TRUE">11</atnumdec></attr><attr><attrlabl Sync="TRUE">STATE</attrlabl><attalias Sync="TRUE">STATE</attalias><attrtype Sync="TRUE">String</attrtype><attwidth Sync="TRUE">2</attwidth></attr><attr><attrlabl Sync="TRUE">COUNTY</attrlabl><attalias Sync="TRUE">COUNTY</attalias><attrtype Sync="TRUE">String</attrtype><attwidth Sync="TRUE">3</attwidth></attr><attr><attrlabl Sync="TRUE">POP2000</attrlabl><attalias Sync="TRUE">POP2000</attalias><attrtype Sync="TRUE">Number</attrtype><attwidth Sync="TRUE">9</attwidth></attr><attr><attrlabl Sync="TRUE">Shape_Leng</attrlabl><attalias Sync="TRUE">Shape_Leng</attalias><attrtype Sync="TRUE">Float</attrtype><attwidth Sync="TRUE">19</attwidth><atnumdec Sync="TRUE">11</atnumdec></attr><attr><attrlabl Sync="TRUE">Shape_Area</attrlabl><attalias Sync="TRUE">Shape_Area</attalias><attrtype Sync="TRUE">Float</attrtype><attwidth Sync="TRUE">19</attwidth><attrdef Sync="TRUE">Area of feature in internal units squared.</attrdef><attrdefs Sync="TRUE">ESRI</attrdefs><attrdomv><udom Sync="TRUE">Positive real numbers that are automatically generated.</udom></attrdomv><atnumdec Sync="TRUE">11</atnumdec></attr></detailed></eainfo><mdDateSt Sync="TRUE">20110511</mdDateSt><dataqual><lineage><procstep><procdesc Sync="TRUE">Dataset copied.</procdesc><srcused Sync="TRUE">Y:\Shapes\Demographics\Tracts2000_DD</srcused><procdate Sync="TRUE">20110511</procdate><proctime Sync="TRUE">13323600</proctime></procstep></lineage></dataqual></metadata>
