<?xml version="1.0" encoding="UTF-8"?>
<metadata xml:lang="en"><Esri><CreaDate>20190102</CreaDate><CreaTime>09104000</CreaTime><ArcGISFormat>1.0</ArcGISFormat><ArcGISstyle>North American Profile of ISO19115 2003</ArcGISstyle><SyncOnce>FALSE</SyncOnce><DataProperties><itemProps><itemName Sync="TRUE">RECREATION_FEATURES_Erase_Mu</itemName><imsContentType Sync="TRUE">002</imsContentType><itemLocation><linkage Sync="TRUE">Server=gisprd; Service=sde:oracle11g:gisprd; User=raleigh; Version=SDE.DEFAULT</linkage><protocol Sync="TRUE">ArcSDE Connection</protocol></itemLocation></itemProps><coordRef><type Sync="TRUE">Projected</type><geogcsn Sync="TRUE">GCS_North_American_1983</geogcsn><csUnits Sync="TRUE">Linear Unit: Foot_US (0.304801)</csUnits><projcsn Sync="TRUE">NAD_1983_StatePlane_North_Carolina_FIPS_3200_Feet</projcsn><peXml Sync="TRUE">&lt;ProjectedCoordinateSystem xsi:type='typens:ProjectedCoordinateSystem' xmlns:xsi='http://www.w3.org/2001/XMLSchema-instance' xmlns:xs='http://www.w3.org/2001/XMLSchema' xmlns:typens='http://www.esri.com/schemas/ArcGIS/10.4'&gt;&lt;WKT&gt;PROJCS[&amp;quot;NAD_1983_StatePlane_North_Carolina_FIPS_3200_Feet&amp;quot;,GEOGCS[&amp;quot;GCS_North_American_1983&amp;quot;,DATUM[&amp;quot;D_North_American_1983&amp;quot;,SPHEROID[&amp;quot;GRS_1980&amp;quot;,6378137.0,298.257222101]],PRIMEM[&amp;quot;Greenwich&amp;quot;,0.0],UNIT[&amp;quot;Degree&amp;quot;,0.0174532925199433]],PROJECTION[&amp;quot;Lambert_Conformal_Conic&amp;quot;],PARAMETER[&amp;quot;False_Easting&amp;quot;,2000000.002616666],PARAMETER[&amp;quot;False_Northing&amp;quot;,0.0],PARAMETER[&amp;quot;Central_Meridian&amp;quot;,-79.0],PARAMETER[&amp;quot;Standard_Parallel_1&amp;quot;,34.33333333333334],PARAMETER[&amp;quot;Standard_Parallel_2&amp;quot;,36.16666666666666],PARAMETER[&amp;quot;Latitude_Of_Origin&amp;quot;,33.75],UNIT[&amp;quot;Foot_US&amp;quot;,0.3048006096012192],AUTHORITY[&amp;quot;EPSG&amp;quot;,2264]]&lt;/WKT&gt;&lt;XOrigin&gt;-121841900&lt;/XOrigin&gt;&lt;YOrigin&gt;-93659000&lt;/YOrigin&gt;&lt;XYScale&gt;3048.0060960121914&lt;/XYScale&gt;&lt;ZOrigin&gt;-100000&lt;/ZOrigin&gt;&lt;ZScale&gt;10000&lt;/ZScale&gt;&lt;MOrigin&gt;-100000&lt;/MOrigin&gt;&lt;MScale&gt;10000&lt;/MScale&gt;&lt;XYTolerance&gt;0.0032808333333333335&lt;/XYTolerance&gt;&lt;ZTolerance&gt;0.001&lt;/ZTolerance&gt;&lt;MTolerance&gt;0.001&lt;/MTolerance&gt;&lt;HighPrecision&gt;true&lt;/HighPrecision&gt;&lt;WKID&gt;102719&lt;/WKID&gt;&lt;LatestWKID&gt;2264&lt;/LatestWKID&gt;&lt;/ProjectedCoordinateSystem&gt;</peXml></coordRef><lineage><Process ToolSource="c:\program files (x86)\arcgis\desktop10.1\ArcToolbox\Toolboxes\Analysis Tools.tbx\Erase" Date="20131212" Time="112932">Erase D:\jobs\2300316\finalize\finalize.gdb\Finalize\RECREATION_FEATURES_1 Y:\2300316\boundaries\2013_update_boundary.shp D:\jobs\2300316\finalize\finalize.gdb\Finalize\RECREATION_FEATURES_1_Erase #</Process><Process ToolSource="c:\program files (x86)\arcgis\desktop10.1\ArcToolbox\Toolboxes\Data Management Tools.tbx\CalculateField" Date="20131213" Time="151955">CalculateField RECREATION_FEATURES UPDATE_DATE "DateValue ("09/03/19")" VB #</Process><Process ToolSource="c:\program files (x86)\arcgis\desktop10.1\ArcToolbox\Toolboxes\Data Management Tools.tbx\CalculateField" Date="20131213" Time="152157">CalculateField RECREATION_FEATURES UPDATE_DATE "DateValue ("11/03/02")" VB #</Process><Process ToolSource="c:\program files (x86)\arcgis\desktop10.1\ArcToolbox\Toolboxes\Data Management Tools.tbx\CalculateField" Date="20131213" Time="152229">CalculateField RECREATION_FEATURES UPDATE_DATE "DateValue ("12/02/18")" VB #</Process><Process ToolSource="c:\program files (x86)\arcgis\desktop10.1\ArcToolbox\Toolboxes\Data Management Tools.tbx\CalculateField" Date="20131213" Time="152505">CalculateField RECREATION_FEATURES UPDATE_DATE "DateValue ("13/02/21")" VB #</Process><Process ToolSource="c:\program files (x86)\arcgis\desktop10.1\ArcToolbox\Toolboxes\Data Management Tools.tbx\Dissolve" Date="20131213" Time="152631">Dissolve RECREATION_FEATURES D:\jobs\2300316\finalize\finalize.gdb\Finalize\RECREATION_FEATURES_forfin FTR_CODE;DESCRIPTION;SUBTYPE;IMPERVIOUS;UPDATE_DATE # SINGLE_PART DISSOLVE_LINES</Process><Process Name="Erase" ToolSource="c:\program files (x86)\arcgis\desktop10.1\ArcToolbox\Toolboxes\Analysis Tools.tbx\Erase" Date="20140701" Time="134949">Erase T:\2301210\Source_GDBs_from_2013\Raleigh_2013.gdb\Planimetric\RECREATION_FEATURES update_bnd T:\2301210\Source_GDBs_from_2013\Raleigh_2013.gdb\Planimetric\RECREATION_FEATURES #</Process><Process Name="Clip" ToolSource="c:\program files (x86)\arcgis\desktop10.1\ArcToolbox\Toolboxes\Analysis Tools.tbx\Clip" Date="20140701" Time="143611">Clip T:\2301210\Source_GDBs_from_2013\Raleigh_2013.gdb\Planimetric\RECREATION_FEATURES update_bnd T:\2301210\Source_GDBs_from_2013\Raleigh_2013.gdb\Planimetric\RECREATION_FEATURES_c #</Process><Process ToolSource="C:\Program Files\ArcGIS\Desktop10.0\ArcToolbox\Toolboxes\Data Management Tools.tbx\CalculateField" Date="20141203" Time="231227">CalculateField RECREATION_FEATURES UPDATE_DATE "12/3/2014" VB #</Process><Process ToolSource="c:\program files (x86)\arcgis\desktop10.1\ArcToolbox\Toolboxes\Data Management Tools.tbx\CalculateField" Date="20141209" Time="070254">CalculateField plan\RECREATION_FEATURES UPDATE_DATE time.strftime('03/10/2014') PYTHON #</Process><Process ToolSource="c:\program files (x86)\arcgis\desktop10.1\ArcToolbox\Toolboxes\Data Management Tools.tbx\Dissolve" Date="20141209" Time="081414">Dissolve C:\Jobs\2301210\Plan_qc\Raleigh_Planimetric_dec06.gdb\Planimetric\RECREATION_FEATURES C:\Jobs\2301210\Plan_qc\Raleigh_Planimetric_dec06.gdb\Planimetric\RECREATION_FEATURES_Dissolve FTR_CODE;DESCRIPTION;SUBTYPE;IMPERVIOUS;UPDATE_DATE # SINGLE_PART DISSOLVE_LINES</Process><Process ToolSource="c:\program files (x86)\arcgis\desktop10.1\ArcToolbox\Toolboxes\Data Management Tools.tbx\Merge" Date="20141209" Time="095231">Merge C:\Jobs\2301210\Plan_qc\Raleigh_Planimetric_dec09.gdb\Planimetric\RECREATION_FEATURES;C:\Jobs\2301210\Plan_qc\Raleigh_2014_Source.gdb\Planimetric\RECREATION_FEATURES_TIE C:\Jobs\2301210\Plan_qc\Raleigh_Planimetric_dec09.gdb\Planimetric\RECREATION_FEATURES_Merge "FTR_CODE "FTR_CODE" true true false 2 Short 0 0 ,First,#,C:\Jobs\2301210\Plan_qc\Raleigh_Planimetric_dec09.gdb\Planimetric\RECREATION_FEATURES,FTR_CODE,-1,-1,C:\Jobs\2301210\Plan_qc\Raleigh_2014_Source.gdb\Planimetric\RECREATION_FEATURES_TIE,FTR_CODE,-1,-1;DESCRIPTION "DESCRIPTION" true true false 30 Text 0 0 ,First,#,C:\Jobs\2301210\Plan_qc\Raleigh_Planimetric_dec09.gdb\Planimetric\RECREATION_FEATURES,DESCRIPTION,-1,-1,C:\Jobs\2301210\Plan_qc\Raleigh_2014_Source.gdb\Planimetric\RECREATION_FEATURES_TIE,DESCRIPTION,-1,-1;SUBTYPE "SUBTYPE" true true false 30 Text 0 0 ,First,#,C:\Jobs\2301210\Plan_qc\Raleigh_Planimetric_dec09.gdb\Planimetric\RECREATION_FEATURES,SUBTYPE,-1,-1,C:\Jobs\2301210\Plan_qc\Raleigh_2014_Source.gdb\Planimetric\RECREATION_FEATURES_TIE,SUBTYPE,-1,-1;IMPERVIOUS "IMPERVIOUS" true true false 3 Text 0 0 ,First,#,C:\Jobs\2301210\Plan_qc\Raleigh_Planimetric_dec09.gdb\Planimetric\RECREATION_FEATURES,IMPERVIOUS,-1,-1,C:\Jobs\2301210\Plan_qc\Raleigh_2014_Source.gdb\Planimetric\RECREATION_FEATURES_TIE,IMPERVIOUS,-1,-1;UPDATE_DATE "UPDATE_DATE" true true false 8 Date 0 0 ,First,#,C:\Jobs\2301210\Plan_qc\Raleigh_Planimetric_dec09.gdb\Planimetric\RECREATION_FEATURES,UPDATE_DATE,-1,-1,C:\Jobs\2301210\Plan_qc\Raleigh_2014_Source.gdb\Planimetric\RECREATION_FEATURES_TIE,UPDATE_DATE,-1,-1"</Process><Process ToolSource="c:\program files (x86)\arcgis\desktop10.4\ArcToolbox\Toolboxes\Data Management Tools.tbx\CalculateField" Date="20161116" Time="120848">CalculateField RECREATION_FEATURES UPDATE_DATE "2/28/16" VB #</Process><Process ToolSource="c:\program files (x86)\arcgis\desktop10.4\ArcToolbox\Toolboxes\Data Management Tools.tbx\CalculateField" Date="20161116" Time="120925">CalculateField RECREATION_FEATURES FTR_CODE 1 VB #</Process><Process ToolSource="c:\program files (x86)\arcgis\desktop10.4\ArcToolbox\Toolboxes\Data Management Tools.tbx\CalculateField" Date="20161116" Time="120933">CalculateField RECREATION_FEATURES IMPERVIOUS "NO" VB #</Process><Process ToolSource="c:\program files (x86)\arcgis\desktop10.4\ArcToolbox\Toolboxes\Data Management Tools.tbx\CalculateField" Date="20161116" Time="120955">CalculateField RECREATION_FEATURES IMPERVIOUS "NO" VB #</Process><Process ToolSource="c:\program files (x86)\arcgis\desktop10.4\ArcToolbox\Toolboxes\Data Management Tools.tbx\CalculateField" Date="20161116" Time="121003">CalculateField RECREATION_FEATURES FTR_CODE 3 VB #</Process><Process ToolSource="c:\program files (x86)\arcgis\desktop10.4\ArcToolbox\Toolboxes\Data Management Tools.tbx\CalculateField" Date="20161116" Time="121014">CalculateField RECREATION_FEATURES FTR_CODE 4 VB #</Process><Process ToolSource="c:\program files (x86)\arcgis\desktop10.4\ArcToolbox\Toolboxes\Data Management Tools.tbx\CalculateField" Date="20161116" Time="121028">CalculateField RECREATION_FEATURES IMPERVIOUS "YES" VB #</Process><Process ToolSource="c:\program files (x86)\arcgis\desktop10.4\ArcToolbox\Toolboxes\Data Management Tools.tbx\CalculateField" Date="20161116" Time="121052">CalculateField RECREATION_FEATURES IMPERVIOUS "NO" VB #</Process><Process ToolSource="c:\program files (x86)\arcgis\desktop10.4\ArcToolbox\Toolboxes\Data Management Tools.tbx\CalculateField" Date="20161116" Time="121104">CalculateField RECREATION_FEATURES FTR_CODE 5 VB #</Process><Process ToolSource="c:\program files (x86)\arcgis\desktop10.4\ArcToolbox\Toolboxes\Data Management Tools.tbx\CalculateField" Date="20161116" Time="121112">CalculateField RECREATION_FEATURES FTR_CODE 5 VB #</Process><Process ToolSource="c:\program files (x86)\arcgis\desktop10.4\ArcToolbox\Toolboxes\Data Management Tools.tbx\CalculateField" Date="20161116" Time="121120">CalculateField RECREATION_FEATURES IMPERVIOUS "YES" VB #</Process><Process ToolSource="c:\program files (x86)\arcgis\desktop10.4\ArcToolbox\Toolboxes\Data Management Tools.tbx\CalculateField" Date="20161116" Time="121138">CalculateField RECREATION_FEATURES FTR_CODE 6
 VB #</Process><Process ToolSource="c:\program files (x86)\arcgis\desktop10.4\ArcToolbox\Toolboxes\Data Management Tools.tbx\CalculateField" Date="20161116" Time="121147">CalculateField RECREATION_FEATURES IMPERVIOUS "NO" VB #</Process><Process ToolSource="c:\program files (x86)\arcgis\desktop10.4\ArcToolbox\Toolboxes\Data Management Tools.tbx\CalculateField" Date="20161116" Time="121201">CalculateField RECREATION_FEATURES IMPERVIOUS "NO" VB #</Process><Process ToolSource="c:\program files (x86)\arcgis\desktop10.4\ArcToolbox\Toolboxes\Data Management Tools.tbx\CalculateField" Date="20161116" Time="121209">CalculateField RECREATION_FEATURES FTR_CODE 7 VB #</Process><Process ToolSource="c:\program files (x86)\arcgis\desktop10.4\ArcToolbox\Toolboxes\Data Management Tools.tbx\CalculateField" Date="20161116" Time="121224">CalculateField RECREATION_FEATURES FTR_CODE 10 VB #</Process><Process ToolSource="c:\program files (x86)\arcgis\desktop10.4\ArcToolbox\Toolboxes\Data Management Tools.tbx\CalculateField" Date="20161116" Time="121233">CalculateField RECREATION_FEATURES IMPERVIOUS "NO" VB #</Process><Process ToolSource="c:\program files (x86)\arcgis\desktop10.4\ArcToolbox\Toolboxes\Data Management Tools.tbx\CalculateField" Date="20161116" Time="121258">CalculateField RECREATION_FEATURES FTR_CODE 8 VB #</Process><Process ToolSource="c:\program files (x86)\arcgis\desktop10.4\ArcToolbox\Toolboxes\Data Management Tools.tbx\CalculateField" Date="20161116" Time="121307">CalculateField RECREATION_FEATURES IMPERVIOUS "YES" VB #</Process><Process ToolSource="c:\program files (x86)\arcgis\desktop10.4\ArcToolbox\Toolboxes\Data Management Tools.tbx\CalculateField" Date="20161116" Time="121334">CalculateField RECREATION_FEATURES IMPERVIOUS "YES" VB #</Process><Process ToolSource="c:\program files (x86)\arcgis\desktop10.4\ArcToolbox\Toolboxes\Data Management Tools.tbx\CalculateField" Date="20161116" Time="121340">CalculateField RECREATION_FEATURES FTR_CODE 9 VB #</Process><Process ToolSource="c:\program files (x86)\arcgis\desktop10.4\ArcToolbox\Toolboxes\Data Management Tools.tbx\CalculateField" Date="20171231" Time="175045">CalculateField RECREATION_FEATURES UPDATE_DATE "2/13/2017" VB #</Process><Process ToolSource="c:\program files (x86)\arcgis\desktop10.4\ArcToolbox\Toolboxes\Data Management Tools.tbx\CalculateField" Date="20171231" Time="175127">CalculateField RECREATION_FEATURES UPDATE_DATE "2/13/2017" VB #</Process><Process ToolSource="c:\program files (x86)\arcgis\desktop10.4\ArcToolbox\Toolboxes\Data Management Tools.tbx\CalculateField" Date="20171231" Time="175141">CalculateField RECREATION_FEATURES UPDATE_DATE "2/13/2017" VB #</Process><Process ToolSource="c:\program files (x86)\arcgis\desktop10.4\ArcToolbox\Toolboxes\Data Management Tools.tbx\CalculateField" Date="20171231" Time="175205">CalculateField RECREATION_FEATURES UPDATE_DATE "2/13/2017" VB #</Process><Process ToolSource="c:\program files (x86)\arcgis\desktop10.4\ArcToolbox\Toolboxes\Data Management Tools.tbx\CalculateField" Date="20171231" Time="175359">CalculateField RECREATION_FEATURES FTR_CODE 6 VB #</Process><Process ToolSource="c:\program files (x86)\arcgis\desktop10.4\ArcToolbox\Toolboxes\Data Management Tools.tbx\CalculateField" Date="20171231" Time="175417">CalculateField RECREATION_FEATURES SUBTYPE "N/A" VB #</Process><Process ToolSource="c:\program files (x86)\arcgis\desktop10.4\ArcToolbox\Toolboxes\Data Management Tools.tbx\CalculateField" Date="20171231" Time="175430">CalculateField RECREATION_FEATURES IMPERVIOUS "NO" VB #</Process><Process ToolSource="c:\program files (x86)\arcgis\desktop10.4\ArcToolbox\Toolboxes\Data Management Tools.tbx\CalculateField" Date="20171231" Time="175444">CalculateField RECREATION_FEATURES IMPERVIOUS "NO" VB #</Process><Process ToolSource="c:\program files (x86)\arcgis\desktop10.4\ArcToolbox\Toolboxes\Data Management Tools.tbx\CalculateField" Date="20171231" Time="175452">CalculateField RECREATION_FEATURES SUBTYPE "N/A" VB #</Process><Process ToolSource="c:\program files (x86)\arcgis\desktop10.4\ArcToolbox\Toolboxes\Data Management Tools.tbx\CalculateField" Date="20171231" Time="175501">CalculateField RECREATION_FEATURES FTR_CODE 7 VB #</Process><Process ToolSource="c:\program files (x86)\arcgis\desktop10.4\ArcToolbox\Toolboxes\Data Management Tools.tbx\CalculateField" Date="20171231" Time="175532">CalculateField RECREATION_FEATURES SUBTYPE "N/A" VB #</Process><Process ToolSource="c:\program files (x86)\arcgis\desktop10.4\ArcToolbox\Toolboxes\Data Management Tools.tbx\CalculateField" Date="20171231" Time="175542">CalculateField RECREATION_FEATURES IMPERVIOUS "NO" VB #</Process><Process ToolSource="c:\program files (x86)\arcgis\desktop10.4\ArcToolbox\Toolboxes\Data Management Tools.tbx\CalculateField" Date="20171231" Time="175713">CalculateField RECREATION_FEATURES IMPERVIOUS "NO" VB #</Process><Process ToolSource="c:\program files (x86)\arcgis\desktop10.4\ArcToolbox\Toolboxes\Data Management Tools.tbx\CalculateField" Date="20171231" Time="180000">CalculateField RECREATION_FEATURES FTR_CODE 8 VB #</Process></lineage></DataProperties><SyncDate>20171130</SyncDate><SyncTime>09121900</SyncTime><ModDate>20171130</ModDate><ModTime>09121900</ModTime></Esri><dataIdInfo><envirDesc Sync="TRUE"> Version 6.2 (Build 9200) ; Esri ArcGIS 10.4.1.5686</envirDesc><dataLang><languageCode value="eng" Sync="TRUE"></languageCode><countryCode value="USA" Sync="TRUE"></countryCode></dataLang><idCitation><resTitle Sync="TRUE">RECREATION_FEATURES_Erase_Mu</resTitle><presForm><PresFormCd value="005" Sync="TRUE"></PresFormCd></presForm></idCitation><spatRpType><SpatRepTypCd value="001" Sync="TRUE"></SpatRepTypCd></spatRpType></dataIdInfo><mdLang><languageCode value="eng" Sync="TRUE"></languageCode><countryCode value="USA" Sync="TRUE"></countryCode></mdLang><distInfo><distFormat><formatName Sync="TRUE">File Geodatabase Feature Class</formatName></distFormat></distInfo><mdHrLv><ScopeCd value="005" Sync="TRUE"></ScopeCd></mdHrLv><mdHrLvName Sync="TRUE">dataset</mdHrLvName><refSysInfo><RefSystem><refSysID><identCode code="2264" Sync="TRUE" value="2264"></identCode><idCodeSpace Sync="TRUE">EPSG</idCodeSpace><idVersion Sync="TRUE">6.12(9.0.0)</idVersion></refSysID></RefSystem></refSysInfo><spatRepInfo><VectSpatRep><geometObjs Name="RECREATION_FEATURES_Erase_Mu"><geoObjTyp><GeoObjTypCd value="002" Sync="TRUE"></GeoObjTypCd></geoObjTyp><geoObjCnt Sync="TRUE">0</geoObjCnt></geometObjs><topLvl><TopoLevCd value="001" Sync="TRUE"></TopoLevCd></topLvl></VectSpatRep></spatRepInfo><spdoinfo><ptvctinf><esriterm Name="RECREATION_FEATURES_Erase_Mu"><efeatyp Sync="TRUE">Simple</efeatyp><efeageom code="4" Sync="TRUE"></efeageom><esritopo Sync="TRUE">FALSE</esritopo><efeacnt Sync="TRUE">0</efeacnt><spindex Sync="TRUE">TRUE</spindex><linrefer Sync="TRUE">FALSE</linrefer></esriterm></ptvctinf></spdoinfo><eainfo><detailed Name="RECREATION_FEATURES_Erase_Mu"><enttyp><enttypl Sync="TRUE">RECREATION_FEATURES_Erase_Mu</enttypl><enttypt Sync="TRUE">Feature Class</enttypt><enttypc Sync="TRUE">0</enttypc></enttyp><attr><attrlabl Sync="TRUE">OBJECTID</attrlabl><attalias Sync="TRUE">OBJECTID</attalias><attrtype Sync="TRUE">OID</attrtype><attwidth Sync="TRUE">4</attwidth><atprecis Sync="TRUE">0</atprecis><attscale Sync="TRUE">0</attscale><attrdef Sync="TRUE">Internal feature number.</attrdef><attrdefs Sync="TRUE">Esri</attrdefs><attrdomv><udom Sync="TRUE">Sequential unique whole numbers that are automatically generated.</udom></attrdomv></attr><attr><attrlabl Sync="TRUE">Shape</attrlabl><attalias Sync="TRUE">Shape</attalias><attrtype Sync="TRUE">Geometry</attrtype><attwidth Sync="TRUE">0</attwidth><atprecis Sync="TRUE">0</atprecis><attscale Sync="TRUE">0</attscale><attrdef Sync="TRUE">Feature geometry.</attrdef><attrdefs Sync="TRUE">Esri</attrdefs><attrdomv><udom Sync="TRUE">Coordinates defining the features.</udom></attrdomv></attr><attr><attrlabl Sync="TRUE">FTR_CODE</attrlabl><attalias Sync="TRUE">FTR_CODE</attalias><attrtype Sync="TRUE">SmallInteger</attrtype><attwidth Sync="TRUE">2</attwidth><atprecis Sync="TRUE">0</atprecis><attscale Sync="TRUE">0</attscale></attr><attr><attrlabl Sync="TRUE">DESCRIPTION</attrlabl><attalias Sync="TRUE">DESCRIPTION</attalias><attrtype Sync="TRUE">String</attrtype><attwidth Sync="TRUE">30</attwidth><atprecis Sync="TRUE">0</atprecis><attscale Sync="TRUE">0</attscale></attr><attr><attrlabl Sync="TRUE">SUBTYPE</attrlabl><attalias Sync="TRUE">SUBTYPE</attalias><attrtype Sync="TRUE">String</attrtype><attwidth Sync="TRUE">30</attwidth><atprecis Sync="TRUE">0</atprecis><attscale Sync="TRUE">0</attscale></attr><attr><attrlabl Sync="TRUE">IMPERVIOUS</attrlabl><attalias Sync="TRUE">IMPERVIOUS</attalias><attrtype Sync="TRUE">String</attrtype><attwidth Sync="TRUE">3</attwidth><atprecis Sync="TRUE">0</atprecis><attscale Sync="TRUE">0</attscale></attr><attr><attrlabl Sync="TRUE">UPDATE_DATE</attrlabl><attalias Sync="TRUE">UPDATE_DATE</attalias><attrtype Sync="TRUE">Date</attrtype><attwidth Sync="TRUE">8</attwidth><atprecis Sync="TRUE">0</atprecis><attscale Sync="TRUE">0</attscale></attr><attr><attrlabl Sync="TRUE">ORIG_FID</attrlabl><attalias Sync="TRUE">ORIG_FID</attalias><attrtype Sync="TRUE">Integer</attrtype><attwidth Sync="TRUE">4</attwidth><atprecis Sync="TRUE">0</atprecis><attscale Sync="TRUE">0</attscale></attr><attr><attrlabl Sync="TRUE">Shape_Length</attrlabl><attalias Sync="TRUE">Shape_Length</attalias><attrtype Sync="TRUE">Double</attrtype><attwidth Sync="TRUE">8</attwidth><atprecis Sync="TRUE">0</atprecis><attscale Sync="TRUE">0</attscale><attrdef Sync="TRUE">Length of feature in internal units.</attrdef><attrdefs Sync="TRUE">Esri</attrdefs><attrdomv><udom Sync="TRUE">Positive real numbers that are automatically generated.</udom></attrdomv></attr><attr><attrlabl Sync="TRUE">Shape_Area</attrlabl><attalias Sync="TRUE">Shape_Area</attalias><attrtype Sync="TRUE">Double</attrtype><attwidth Sync="TRUE">8</attwidth><atprecis Sync="TRUE">0</atprecis><attscale Sync="TRUE">0</attscale><attrdef Sync="TRUE">Area of feature in internal units squared.</attrdef><attrdefs Sync="TRUE">Esri</attrdefs><attrdomv><udom Sync="TRUE">Positive real numbers that are automatically generated.</udom></attrdomv></attr></detailed></eainfo><mdDateSt Sync="TRUE">20171130</mdDateSt></metadata>
